DOI,AuthorID
10.1109/TASE.2024.3382679,1
10.1109/TASE.2024.3382679,2
10.1109/TASE.2024.3382679,3
10.1109/TASE.2024.3382679,4
10.1109/TASE.2024.3382679,5
10.1109/TASE.2024.3382679,6
10.1109/TASE.2024.3382679,7
10.1109/TASE.2024.3382679,8
10.1109/JIOT.2024.3471904,9
10.1109/JIOT.2024.3471904,10
10.1109/JIOT.2024.3471904,11
10.1109/JIOT.2024.3471904,12
10.1109/JIOT.2024.3471904,13
10.1109/JIOT.2024.3471904,14
10.1109/JIOT.2024.3471904,15
10.1109/TVT.2024.3434969,16
10.1109/TVT.2024.3434969,17
10.1109/TVT.2024.3434969,18
10.1109/TVT.2024.3434969,19
10.1109/TVT.2024.3434969,20
10.1109/JBHI.2024.3481412,21
10.1109/JBHI.2024.3481412,22
10.1109/JBHI.2024.3481412,23
10.1109/JBHI.2024.3481412,24
10.1109/TE.2024.3467912,25
10.1109/TE.2024.3467912,26
10.1109/TE.2024.3467912,27
10.1109/TE.2024.3467912,28
10.1109/TE.2024.3467912,29
10.1109/TDSC.2024.3372777,30
10.1109/TDSC.2024.3372777,31
10.1109/TDSC.2024.3372777,32
10.1109/TDSC.2024.3372777,33
10.1109/TDSC.2024.3372777,34
10.1109/TDSC.2024.3372777,35
10.1109/TDSC.2024.3372777,36
10.1109/TDSC.2024.3372777,37
10.1109/COMST.2024.3465447,38
10.1109/COMST.2024.3465447,39
10.1109/COMST.2024.3465447,40
10.1109/COMST.2024.3465447,41
10.1109/COMST.2024.3465447,42
10.1109/COMST.2024.3465447,43
10.1109/COMST.2024.3465447,44
10.1109/COMST.2024.3465447,45
10.1109/COMST.2024.3465447,46
10.1109/COMST.2024.3465447,47
10.1109/COMST.2024.3465447,14
10.1109/COMST.2024.3465447,48
10.1109/COMST.2024.3465447,49
10.1109/COMST.2024.3465447,50
10.1109/ACCESS.2024.3456788,51
10.1109/ACCESS.2024.3456788,52
10.1109/ACCESS.2024.3456788,53
10.1109/ACCESS.2024.3456788,54
10.1109/ACCESS.2024.3456788,55
10.1109/ACCESS.2024.3456788,56
10.1109/ACCESS.2024.3456788,57
10.1109/ACCESS.2024.3456788,58
10.1109/ACCESS.2024.3456788,59
10.1109/ACCESS.2024.3456788,60
10.1109/ACCESS.2024.3456788,61
10.1109/TVCG.2024.3394053,62
10.1109/TVCG.2024.3394053,63
10.1109/TVCG.2024.3394053,64
10.1109/TVCG.2024.3394053,65
10.1109/TVCG.2024.3394053,66
10.1109/TVCG.2024.3394053,67
10.1109/TVCG.2024.3394053,68
10.1109/TCSS.2024.3475413,69
10.1109/TCSS.2024.3475413,70
10.1109/TCSS.2024.3475413,71
10.1109/TCSS.2024.3475413,72
10.1109/TCSS.2024.3475413,73
10.1109/TCSS.2024.3475413,74
10.1109/TIV.2024.3418522,75
10.1109/TIV.2024.3418522,76
10.1109/TIV.2024.3418522,77
10.1109/TIV.2024.3418522,78
10.1109/TIV.2024.3418522,79
10.1109/TIV.2024.3418522,80
10.1109/TVCG.2024.3456354,81
10.1109/TVCG.2024.3456354,82
10.1109/TVCG.2024.3456354,83
10.1109/TVCG.2024.3456354,84
10.1109/TVCG.2024.3456354,85
10.1109/TVCG.2024.3456354,86
10.1109/TVCG.2024.3456354,87
10.1109/TVCG.2024.3456354,88
10.1109/TVCG.2024.3456354,89
10.1109/TVCG.2024.3456354,90
10.1109/ACCESS.2024.3484947,91
10.1109/ACCESS.2024.3484947,92
10.1109/ACCESS.2024.3484947,93
10.1109/TVT.2024.3395748,94
10.1109/TVT.2024.3395748,95
10.1109/TVT.2024.3395748,96
10.1109/TVT.2024.3395748,97
10.1109/TVT.2024.3395748,98
10.1109/TVT.2024.3395748,99
10.1109/JBHI.2024.3470338,100
10.1109/JBHI.2024.3470338,101
10.1109/JBHI.2024.3470338,102
10.1109/JBHI.2024.3470338,103
10.1109/JBHI.2024.3470338,104
10.1109/JBHI.2024.3470338,105
10.1109/JBHI.2024.3470338,106
10.1109/JBHI.2024.3470338,107
10.1109/JIOT.2024.3470210,108
10.1109/JIOT.2024.3470210,109
10.1109/JIOT.2024.3470210,110
10.1109/JIOT.2024.3470210,111
10.1109/JIOT.2024.3470210,112
10.1109/MCOM.002.2400106,113
10.1109/MCOM.002.2400106,114
10.1109/MCOM.002.2400106,115
10.1109/MCOM.002.2400106,116
10.1109/MCOM.002.2400106,117
10.1109/TCAD.2024.3483089,118
10.1109/TCAD.2024.3483089,119
10.1109/TCAD.2024.3483089,120
10.1109/TCAD.2024.3483089,121
10.1109/TCAD.2024.3483089,122
10.1109/TCAD.2024.3483089,123
10.1109/TCAD.2024.3483089,124
10.1109/JBHI.2024.3450013,125
10.1109/JBHI.2024.3450013,126
10.1109/JBHI.2024.3450013,127
10.1109/JBHI.2024.3450013,128
10.1109/JBHI.2024.3450013,129
10.1109/JBHI.2024.3450013,130
10.1109/JBHI.2024.3450013,131
10.1109/JBHI.2024.3450013,132
10.1109/JBHI.2024.3450013,133
10.1109/JBHI.2024.3478809,134
10.1109/JBHI.2024.3478809,135
10.1109/JBHI.2024.3478809,136
10.1109/JBHI.2024.3478809,137
10.1109/JBHI.2024.3478809,138
10.1109/JBHI.2024.3478809,139
10.1109/ACCESS.2024.3482988,140
10.1109/ACCESS.2024.3482988,141
10.1109/ACCESS.2024.3482988,142
10.1109/ACCESS.2024.3427369,143
10.1109/ACCESS.2024.3427369,144
10.1109/ACCESS.2024.3427369,145
10.1109/ACCESS.2024.3427369,146
10.1109/ACCESS.2024.3427369,147
10.1109/ACCESS.2024.3427369,148
10.1109/ACCESS.2024.3427369,149
10.1109/TASE.2024.3468464,150
10.1109/TASE.2024.3468464,151
10.1109/TASE.2024.3468464,152
10.1109/TASE.2024.3468464,153
10.1109/TVCG.2024.3456215,154
10.1109/TVCG.2024.3456215,155
10.1109/TVCG.2024.3456215,156
10.1109/TVCG.2024.3456215,157
10.1109/TVCG.2024.3456215,158
10.1109/TVCG.2024.3456215,159
10.1109/TVCG.2024.3456215,160
10.1109/TFUZZ.2024.3431710,161
10.1109/TFUZZ.2024.3431710,162
10.1109/TFUZZ.2024.3431710,163
10.1109/TFUZZ.2024.3431710,164
10.1109/TFUZZ.2024.3431710,165
10.1109/TFUZZ.2024.3431710,166
10.1109/TFUZZ.2024.3431710,167
10.1109/TVCG.2024.3456378,168
10.1109/TVCG.2024.3456378,169
10.1109/TVCG.2024.3456378,170
10.1109/TVCG.2024.3456378,171
10.1109/TVCG.2024.3456378,172
10.1109/TVCG.2024.3456200,173
10.1109/TVCG.2024.3456200,174
10.1109/TVCG.2024.3456200,175
10.1109/TVCG.2024.3456200,176
10.1109/TVCG.2024.3456200,177
10.1109/TVCG.2024.3456200,178
10.1109/TVCG.2024.3456200,179
10.1109/TVCG.2024.3456200,180
10.1109/TSE.2024.3470333,181
10.1109/TSE.2024.3470333,182
10.1109/TSE.2024.3470333,183
10.1109/TIE.2024.3454408,184
10.1109/TIE.2024.3454408,185
10.1109/TIE.2024.3454408,186
10.1109/TIE.2024.3454408,187
10.1109/TIE.2024.3454408,188
10.1109/TIE.2024.3454408,189
10.1109/TIE.2024.3454408,190
10.1109/TIE.2024.3454408,191
10.1109/MNET.2024.3401159,192
10.1109/MNET.2024.3401159,193
10.1109/MNET.2024.3401159,194
10.1109/MNET.2024.3401159,111
10.1109/MNET.2024.3401159,110
10.1109/MNET.2024.3401159,195
10.1109/MNET.2024.3401159,196
10.1109/MNET.2024.3401159,197
10.1109/JSAC.2024.3459037,192
10.1109/JSAC.2024.3459037,193
10.1109/JSAC.2024.3459037,194
10.1109/JSAC.2024.3459037,111
10.1109/JSAC.2024.3459037,110
10.1109/JSAC.2024.3459037,198
10.1109/JSAC.2024.3459037,199
10.1109/JSAC.2024.3459037,200
10.1109/TII.2024.3423330,201
10.1109/TII.2024.3423330,202
10.1109/TII.2024.3423330,203
10.1109/TII.2024.3423330,204
10.1109/TII.2024.3423330,205
10.1109/TII.2024.3423330,206
10.1109/TII.2024.3423330,207
10.1109/TII.2024.3423330,208
10.1109/TTE.2024.3391938,209
10.1109/TTE.2024.3391938,210
10.1109/TTE.2024.3391938,211
10.1109/TTE.2024.3391938,212
10.1109/TTE.2024.3391938,213
10.1109/TTE.2024.3391938,214
10.1109/MWC.005.2400019,215
10.1109/MWC.005.2400019,111
10.1109/MWC.005.2400019,110
10.1109/MWC.005.2400019,198
10.1109/MWC.005.2400019,216
10.1109/MWC.005.2400019,217
10.1109/MWC.005.2400019,200
10.1109/MWC.005.2400019,218
10.1109/MWC.009.2400244,219
10.1109/MWC.009.2400244,220
10.1109/MWC.009.2400244,33
10.1109/MWC.009.2400244,221
10.1109/MWC.009.2400244,31
10.1109/MWC.009.2400244,222
10.1109/MWC.009.2400244,37
10.1109/ACCESS.2024.3481641,223
10.1109/ACCESS.2024.3481641,224
10.1109/ACCESS.2024.3481641,225
10.1109/ACCESS.2024.3481641,226
10.1109/TVCG.2024.3456150,227
10.1109/TVCG.2024.3456150,228
10.1109/TVCG.2024.3456150,229
10.1109/TVCG.2024.3456150,230
10.1109/TVCG.2024.3456150,231
10.1109/TVCG.2024.3456150,180
10.1109/MIS.2024.3466518,232
10.1109/MIS.2024.3466518,233
10.1109/MIS.2024.3466518,234
10.1109/MIS.2024.3466518,235
10.1109/TKDE.2024.3469578,236
10.1109/TKDE.2024.3469578,237
10.1109/TKDE.2024.3469578,238
10.1109/TKDE.2024.3469578,239
10.1109/TKDE.2024.3469578,240
10.1109/TKDE.2024.3469578,241
10.1109/MNET.2024.3470774,242
10.1109/MNET.2024.3470774,243
10.1109/MNET.2024.3470774,244
10.1109/MNET.2024.3470774,245
10.1109/MNET.2024.3470774,246
10.1109/MNET.2024.3470774,247
10.1109/MNET.2024.3470774,248
10.1109/TVCG.2024.3413195,249
10.1109/TVCG.2024.3413195,250
10.1109/TVCG.2024.3413195,251
10.1109/TVCG.2024.3413195,252
10.1109/TVCG.2024.3413195,253
10.1109/TVCG.2024.3413195,254
10.1109/TVCG.2024.3413195,160
10.1109/MCOM.001.2300575,255
10.1109/MCOM.001.2300575,256
10.1109/MCOM.001.2300575,257
10.1109/MCOM.001.2300575,258
10.1109/MCOM.001.2300575,259
10.1109/MCOM.001.2300575,260
10.1109/MCOM.001.2300575,261
10.1109/MM.2024.3420728,262
10.1109/MM.2024.3420728,263
10.1109/MM.2024.3420728,264
10.1109/MM.2024.3420728,265
10.1109/MM.2024.3420728,266
10.1109/MM.2024.3420728,267
10.1109/MM.2024.3420728,268
10.1109/MM.2024.3420728,269
10.1109/MM.2024.3420728,270
10.1109/MM.2024.3420728,271
10.1109/MM.2024.3420728,272
10.1109/MM.2024.3420728,273
10.1109/MM.2024.3420728,274
10.1109/MM.2024.3420728,275
10.1109/MM.2024.3420728,276
10.1109/MM.2024.3420728,277
10.1109/MM.2024.3420728,278
10.1109/MCOM.001.2400368,279
10.1109/MCOM.001.2400368,280
10.1109/MCOM.001.2400368,281
10.1109/TCCN.2024.3482354,282
10.1109/TCCN.2024.3482354,283
10.1109/TCCN.2024.3482354,284
10.1109/TCCN.2024.3482354,285
10.1109/TCCN.2024.3482354,286
10.1109/TCCN.2024.3482354,287
10.1109/TCCN.2024.3482354,288
10.1109/TCCN.2024.3482354,289
10.1109/TSC.2024.3451185,290
10.1109/TSC.2024.3451185,291
10.1109/TSC.2024.3451185,292
10.1109/TSC.2024.3451185,293
10.1109/TSC.2024.3451185,294
10.1109/TSC.2024.3451185,295
10.1109/TSC.2024.3451185,296
10.1109/TSC.2024.3451185,297
10.1109/MNET.2024.3435752,298
10.1109/MNET.2024.3435752,193
10.1109/MNET.2024.3435752,299
10.1109/MNET.2024.3435752,111
10.1109/MNET.2024.3435752,110
10.1109/MNET.2024.3435752,198
10.1109/MNET.2024.3435752,300
10.1109/MNET.2024.3435752,301
10.1109/TPAMI.2024.3483654,302
10.1109/TPAMI.2024.3483654,303
10.1109/TPAMI.2024.3483654,304
10.1109/TPAMI.2024.3483654,305
10.1109/TPAMI.2024.3483654,306
10.1109/TPAMI.2024.3483654,307
10.1109/TAI.2024.3440248,308
10.1109/TAI.2024.3440248,309
10.1109/TAI.2024.3440248,310
10.1109/TAI.2024.3440248,311
10.1109/TVT.2024.3402366,312
10.1109/TVT.2024.3402366,313
10.1109/TVT.2024.3402366,314
10.1109/TVT.2024.3402366,315
10.1109/TVT.2024.3402366,316
10.1109/TAI.2024.3471735,317
10.1109/TAI.2024.3471735,318
10.1109/TAI.2024.3471735,319
10.1109/TAI.2024.3471735,320
10.1109/ACCESS.2024.3464242,321
10.1109/ACCESS.2024.3464242,322
10.1109/ACCESS.2024.3464242,323
10.1109/ACCESS.2024.3464242,324
10.1109/ACCESS.2024.3464242,325
10.1109/ACCESS.2024.3464242,326
10.1109/TITS.2024.3456890,327
10.1109/TITS.2024.3456890,328
10.1109/TITS.2024.3456890,329
10.1109/TITS.2024.3456890,330
10.1109/TITS.2024.3456890,331
10.1109/LWC.2024.3462556,332
10.1109/LWC.2024.3462556,333
10.1109/LWC.2024.3462556,334
10.1109/LWC.2024.3462556,335
10.1109/LWC.2024.3462556,336
10.1109/LWC.2024.3462556,258
10.1109/TSG.2024.3453648,337
10.1109/TSG.2024.3453648,338
10.1109/TSG.2024.3453648,339
10.26599/TST.2024.9010114,340
10.26599/TST.2024.9010114,341
10.26599/TST.2024.9010114,342
10.26599/TST.2024.9010114,343
10.26599/TST.2024.9010114,344
10.1109/MCOM.001.2300473,345
10.1109/MCOM.001.2300473,346
10.1109/MCOM.001.2300473,347
10.1109/MCOM.001.2300473,348
10.1109/MCOM.001.2300473,349
10.1109/MNET.2024.3376419,350
10.1109/MNET.2024.3376419,351
10.1109/MNET.2024.3376419,352
10.1109/MNET.2024.3376419,353
10.1109/MNET.2024.3376419,354
10.1109/MNET.2024.3376419,355
10.1109/MNET.2024.3376419,356
10.1109/ACCESS.2024.3406644,357
10.1109/ACCESS.2024.3406644,358
10.1109/ACCESS.2024.3406644,359
10.1109/ACCESS.2024.3406644,360
10.1109/ACCESS.2024.3406644,361
10.1109/ACCESS.2024.3406644,362
10.1109/ACCESS.2024.3406644,363
10.1109/ACCESS.2024.3406644,364
10.1109/MWC.016.2300600,255
10.1109/MWC.016.2300600,257
10.1109/MWC.016.2300600,256
10.1109/MWC.016.2300600,258
10.1109/MWC.016.2300600,259
10.1109/MWC.016.2300600,260
10.1109/MWC.016.2300600,111
10.1109/MWC.016.2300600,365
10.1109/MS.2024.3440190,366
10.1109/MS.2024.3440190,367
10.1109/MS.2024.3440190,368
10.1109/MS.2024.3440190,369
10.1109/MS.2024.3440190,370
10.1109/TVCG.2024.3459961,371
10.1109/TVCG.2024.3459961,372
10.1109/TVCG.2024.3456364,373
10.1109/TVCG.2024.3456364,374
10.1109/TVCG.2024.3456364,375
10.1109/TVCG.2024.3456364,376
10.1109/TVCG.2024.3456364,377
10.1109/JIOT.2024.3396282,378
10.1109/JIOT.2024.3396282,379
10.1109/JIOT.2024.3396282,380
10.1109/JIOT.2024.3396282,381
10.1109/JIOT.2024.3396282,382
10.1109/JIOT.2024.3396282,383
10.1109/JIOT.2024.3396282,384
10.1109/JIOT.2024.3396282,385
10.1109/TSE.2024.3472476,386
10.1109/TSE.2024.3472476,387
10.1109/TSE.2024.3472476,388
10.1109/TCCN.2024.3401712,389
10.1109/TCCN.2024.3401712,390
10.1109/TCCN.2024.3401712,391
10.1109/TCCN.2024.3401712,392
10.1109/TCCN.2024.3401712,393
10.1109/ACCESS.2024.3475471,394
10.1109/ACCESS.2024.3475471,395
10.1109/ACCESS.2024.3475471,396
10.1109/ACCESS.2024.3475471,397
10.1109/TVCG.2024.3456332,398
10.1109/TVCG.2024.3456332,399
10.1109/TVCG.2024.3456332,400
10.1109/TVCG.2024.3456332,401
10.1109/MIC.2024.3451351,402
10.1109/MIC.2024.3451351,403
10.1109/MIC.2024.3451351,404
10.1109/MIC.2024.3451351,405
10.1109/TITS.2024.3461855,406
10.1109/TITS.2024.3461855,407
10.1109/TITS.2024.3461855,408
10.1109/TITS.2024.3461855,409
10.1109/TITS.2024.3461855,410
10.1109/TITS.2024.3461855,411
10.1109/TVCG.2024.3456350,168
10.1109/TVCG.2024.3456350,412
10.1109/TVCG.2024.3456350,413
10.1109/TVCG.2024.3456350,414
10.1109/TETCI.2024.3446695,415
10.1109/TETCI.2024.3446695,416
10.1109/TETCI.2024.3446695,417
10.1109/JBHI.2024.3483816,418
10.1109/JBHI.2024.3483816,419
10.1109/JBHI.2024.3483816,420
10.1109/JBHI.2024.3483816,421
10.1109/JBHI.2024.3483816,422
10.1109/JBHI.2024.3483816,423
10.1109/JBHI.2024.3483816,424
10.1109/TCAD.2024.3420904,119
10.1109/TCAD.2024.3420904,120
10.1109/TCAD.2024.3420904,118
10.1109/TCAD.2024.3420904,122
10.1109/TCAD.2024.3420904,425
10.1109/TCAD.2024.3420904,426
10.1109/TCAD.2024.3420904,123
10.1109/TCAD.2024.3420904,124
10.1109/ACCESS.2024.3482389,427
10.1109/ACCESS.2024.3482389,428
10.1109/ACCESS.2024.3482389,429
10.1109/ACCESS.2024.3482389,430
10.1109/ACCESS.2024.3470850,431
10.1109/ACCESS.2024.3470850,432
10.1109/ACCESS.2024.3470850,433
10.1109/ACCESS.2024.3470850,434
10.1109/ACCESS.2024.3483905,435
10.1109/ACCESS.2024.3483905,436
10.1109/ACCESS.2024.3483905,437
10.1109/TVCG.2024.3456155,438
10.1109/TVCG.2024.3456155,439
10.1109/TG.2024.3466898,440
10.1109/TG.2024.3466898,441
10.1109/TVCG.2024.3456145,442
10.1109/TVCG.2024.3456145,443
10.1109/TVCG.2024.3456145,444
10.1109/TVCG.2024.3456145,445
10.1109/TVCG.2024.3456145,446
10.1109/TVCG.2024.3456145,447
10.1109/TVCG.2024.3456145,448
10.1109/TVCG.2024.3456145,449
10.1109/TVCG.2024.3456145,450
10.1109/TVCG.2024.3456145,451
10.1109/MIC.2024.3450090,452
10.1109/MIC.2024.3450090,453
10.1109/MIC.2024.3450090,454
10.1109/MIC.2024.3450090,455
10.1109/MIC.2024.3450090,456
10.1109/MIC.2024.3450090,457
10.1109/TMM.2024.3428317,458
10.1109/TMM.2024.3428317,459
10.1109/TMM.2024.3428317,460
10.1109/TMM.2024.3428317,461
10.1109/TMM.2024.3428317,462
10.1109/TMM.2024.3428317,463
10.1109/TCSS.2024.3451649,464
10.1109/TCSS.2024.3451649,465
10.1109/TCSS.2024.3451649,466
10.1109/TCSS.2024.3451649,467
10.1109/TCSS.2024.3451649,468
10.1109/TCSS.2024.3451649,469
10.1109/TCSS.2024.3451649,470
10.1109/TCSS.2024.3451649,471
10.1109/JIOT.2024.3483441,472
10.1109/JIOT.2024.3483441,181
10.1109/JIOT.2024.3483441,473
10.1109/JIOT.2024.3483441,474
10.1109/JIOT.2024.3483441,475
10.1109/JIOT.2024.3483441,476
10.1109/JIOT.2024.3483441,477
10.1109/TSE.2024.3478317,478
10.1109/TSE.2024.3478317,479
10.1109/TSE.2024.3478317,480
10.1109/TSE.2024.3478317,481
10.1109/TSE.2024.3478317,482
10.1109/TSE.2024.3478317,483
10.1109/TSE.2024.3478317,484
10.1109/TSE.2024.3478317,485
10.1109/JSEN.2024.3480932,486
10.1109/JSEN.2024.3480932,487
10.1109/JSEN.2024.3480932,488
10.1109/JSEN.2024.3480932,489
10.1109/TVCG.2024.3456159,490
10.1109/TVCG.2024.3456159,491
10.1109/TVCG.2024.3456159,492
10.1109/TVCG.2024.3456159,493
10.1109/LRA.2024.3482169,494
10.1109/LRA.2024.3482169,495
10.1109/LRA.2024.3482169,496
10.1109/TVCG.2024.3456398,371
10.1109/TVCG.2024.3456398,497
10.1109/TVCG.2024.3456398,498
10.1109/TVCG.2024.3456398,372
10.1109/TFUZZ.2024.3429240,499
10.1109/TFUZZ.2024.3429240,500
10.1109/EMR.2024.3454112,501
10.1109/EMR.2024.3454112,502
10.1109/EMR.2024.3454112,503
10.1109/ACCESS.2024.3486314,504
10.1109/ACCESS.2024.3486314,505
10.1109/MNET.2024.3448288,506
10.1109/MNET.2024.3448288,507
10.1109/MNET.2024.3448288,508
10.1109/MNET.2024.3448288,509
10.1109/MNET.2024.3448288,510
10.1109/MNET.2024.3448288,112
10.1109/MM.2024.3426611,511
10.1109/MM.2024.3426611,512
10.1109/MM.2024.3426611,513
10.1109/MM.2024.3426611,514
10.1109/MM.2024.3426611,515
10.1109/MM.2024.3426611,516
10.1109/MM.2024.3426611,517
10.1109/MM.2024.3426611,518
10.1109/MM.2024.3426611,519
10.1109/MM.2024.3426611,520
10.1109/TNSM.2024.3462813,521
10.1109/TNSM.2024.3462813,522
10.1109/TNSM.2024.3462813,523
10.1109/TNSM.2024.3462813,524
10.1109/TGCN.2024.3451513,525
10.1109/TGCN.2024.3451513,526
10.1109/TGCN.2024.3451513,527
10.1109/TGCN.2024.3451513,528
10.1109/TGCN.2024.3451513,529
10.1109/TGCN.2024.3451513,530
10.1109/TGCN.2024.3451513,531
10.1109/JIOT.2024.3485208,532
10.1109/JIOT.2024.3485208,533
10.1109/JIOT.2024.3485208,534
10.1109/JIOT.2024.3485208,198
10.1109/JIOT.2024.3485208,535
10.1109/JIOT.2024.3485208,536
10.1109/TII.2022.3162201,537
10.1109/TII.2022.3162201,538
10.1109/TII.2022.3162201,539
10.1109/TII.2022.3162201,540
10.1109/TII.2022.3162201,541
10.1109/TII.2022.3162201,542
10.1109/TNET.2024.3453056,543
10.1109/TNET.2024.3453056,544
10.1109/TNET.2024.3453056,545
10.1109/TNET.2024.3453056,546
10.1109/TNET.2024.3453056,547
10.1109/EMR.2024.3423312,548
10.1109/LSENS.2024.3482177,549
10.1109/LSENS.2024.3482177,550
10.1109/LSENS.2024.3482177,551
10.1109/LSENS.2024.3482177,552
10.1109/LSENS.2024.3482177,553
10.1109/LSENS.2024.3482177,554
10.1109/TR.2024.3451964,555
10.1109/TR.2024.3451964,556
10.1109/TNET.2024.3462539,557
10.1109/TNET.2024.3462539,558
10.1109/TNET.2024.3462539,559
10.1109/TNET.2024.3462539,560
10.1109/TNET.2024.3462539,111
10.1109/ACCESS.2024.3478845,561
10.1109/ACCESS.2024.3478845,562
10.1109/TC.2024.3441864,563
10.1109/TC.2024.3441864,564
10.1109/TC.2024.3441864,565
10.1109/TC.2024.3441864,566
10.1109/TC.2024.3441864,567
10.1109/TC.2024.3441864,568
10.1109/TC.2024.3441864,569
10.1109/TC.2024.3441864,570
10.1109/TDSC.2024.3431542,571
10.1109/TDSC.2024.3431542,572
10.1109/TDSC.2024.3431542,573
10.1109/TDSC.2024.3431542,574
10.1109/TDSC.2024.3431542,575
10.1109/TCE.2024.3445458,576
10.1109/TCE.2024.3445458,577
10.1109/TCE.2024.3445458,578
10.1109/MPOT.2024.3416689,579
10.1109/MNET.2024.3412161,580
10.1109/MNET.2024.3412161,194
10.1109/MNET.2024.3412161,193
10.1109/MNET.2024.3412161,581
10.1109/MNET.2024.3412161,111
10.1109/MNET.2024.3412161,582
10.1109/MNET.2024.3412161,216
10.1109/TDSC.2024.3417531,583
10.1109/TDSC.2024.3417531,584
10.1109/TDSC.2024.3417531,585
10.1109/TDSC.2024.3417531,586
10.26599/TST.2024.9010136,587
10.26599/TST.2024.9010136,588
10.26599/TST.2024.9010136,589
10.1109/TDSC.2024.3424212,590
10.1109/TDSC.2024.3424212,591
10.1109/TDSC.2024.3424212,592
10.1109/TDSC.2024.3424212,593
10.1109/JIOT.2024.3362981,594
10.1109/JIOT.2024.3362981,595
10.1109/JIOT.2024.3362981,596
10.1109/JIOT.2024.3362981,597
10.1109/JIOT.2024.3362981,598
10.1109/JIOT.2024.3362981,599
10.1109/JIOT.2024.3362981,600
10.1109/JIOT.2024.3362981,601
10.1109/OJCS.2024.3468445,602
10.1109/OJCS.2024.3468445,603
10.1109/OJCS.2024.3468445,604
10.1109/OJCS.2024.3468445,605
10.1109/OJCS.2024.3468445,606
10.1109/OJCS.2024.3468445,607
10.1109/OJCS.2024.3468445,608
10.1109/TCE.2024.3473691,120
10.1109/TCE.2024.3473691,609
10.1109/TCE.2024.3408227,610
10.1109/TCE.2024.3408227,611
10.1109/TCE.2024.3408227,612
10.1109/TCE.2024.3482113,613
10.1109/ACCESS.2024.3408633,614
10.1109/TDSC.2024.3372631,615
10.1109/TDSC.2024.3372631,616
10.1109/TDSC.2024.3372631,617
10.1109/TDSC.2024.3372631,618
10.1109/TDSC.2024.3372631,619
10.1109/TNSM.2024.3449575,620
10.1109/TNSM.2024.3449575,484
10.1109/TNSM.2024.3449575,621
10.1109/TNSM.2024.3449575,622
10.1109/TNSM.2024.3449575,623
10.1109/TNSM.2024.3449575,624
10.1109/JIOT.2024.3483809,625
10.1109/JIOT.2024.3483809,626
10.1109/JIOT.2024.3483809,627
10.1109/JIOT.2024.3483809,628
10.1109/JIOT.2024.3483809,629
10.1109/TCE.2024.3412957,630
10.1109/TCE.2024.3412957,631
10.1109/TCE.2024.3412957,632
10.1109/TCE.2024.3412957,633
10.1109/TCE.2024.3440931,634
10.1109/TCE.2024.3440931,635
10.1109/TCE.2024.3440931,636
10.1109/TCE.2024.3440931,637
10.1109/TCE.2024.3440931,638
10.1109/TNSE.2024.3457888,639
10.1109/TNSE.2024.3457888,640
10.1109/TNSE.2024.3457888,641
10.1109/TNSE.2024.3457888,642
10.1109/MNET.2024.3424570,643
10.1109/MNET.2024.3424570,644
10.1109/MNET.2024.3424570,645
10.1109/MNET.2024.3424570,646
10.1109/MNET.2024.3424570,647
10.1109/MNET.2024.3424570,648
10.1109/JIOT.2024.3486331,649
10.1109/JIOT.2024.3486331,559
10.1109/JIOT.2024.3486331,560
10.1109/JIOT.2024.3486331,112
10.1109/TNNLS.2024.3407670,650
10.1109/TNNLS.2024.3407670,651
10.1109/TNNLS.2024.3407670,652
10.1109/TNNLS.2024.3407670,653
10.1109/TNNLS.2024.3407670,654
10.1109/TNNLS.2024.3407670,655
10.1109/TCSS.2024.3404425,656
10.1109/TCSS.2024.3404425,657
10.1109/TCSS.2024.3404425,336
10.1109/TNSM.2024.3387120,658
10.1109/TNSM.2024.3387120,659
10.1109/TNSM.2024.3387120,660
10.1109/TNSM.2024.3387120,301
10.1109/TDSC.2024.3473695,661
10.1109/TDSC.2024.3473695,662
10.1109/TDSC.2024.3473695,663
10.1109/TDSC.2024.3473695,32
10.1109/TDSC.2024.3473695,664
10.1109/TDSC.2024.3473695,665
10.1109/TDSC.2024.3473695,666
10.1109/TDSC.2024.3473695,37
10.1109/COMST.2024.3376252,667
10.1109/COMST.2024.3376252,668
10.1109/COMST.2024.3376252,669
10.1109/COMST.2024.3376252,670
10.1109/COMST.2024.3376252,671
10.1109/COMST.2024.3376252,672
10.1109/COMST.2024.3376252,673
10.1109/TCE.2024.3485633,674
10.1109/TCE.2024.3485633,675
10.1109/TCE.2024.3485633,316
10.1109/TCE.2024.3485633,676
10.1109/TCE.2024.3485633,677
10.1109/TCE.2024.3485633,678
10.1109/TDSC.2024.3428549,679
10.1109/TDSC.2024.3428549,680
10.1109/TDSC.2024.3428549,681
10.1109/TDSC.2024.3428549,682
10.1109/TDSC.2024.3428549,683
10.1109/TDSC.2024.3428549,684
10.1109/TDSC.2024.3428549,685
10.1109/TITS.2024.3433480,686
10.1109/TITS.2024.3433480,687
10.1109/TITS.2024.3433480,688
10.1109/TITS.2024.3433480,689
10.1109/TITS.2024.3433480,690
10.1109/TITS.2024.3433480,691
10.1109/JIOT.2024.3484005,692
10.1109/JIOT.2024.3484005,693
10.1109/JIOT.2024.3484005,694
10.1109/JIOT.2024.3484005,695
10.1109/JIOT.2024.3484005,696
10.1109/JIOT.2024.3484005,697
10.1109/ACCESS.2024.3439579,698
10.1109/TCCN.2024.3454280,699
10.1109/TCCN.2024.3454280,700
10.1109/TCCN.2024.3454280,701
10.1109/TCCN.2024.3454280,702
10.1109/TCCN.2024.3454280,703
10.1109/TCCN.2024.3454280,704
10.1109/TCCN.2024.3454280,705
10.1109/TCCN.2024.3454280,233
10.1109/ACCESS.2024.3487217,706
10.1109/ACCESS.2024.3487217,707
10.1109/ACCESS.2024.3487217,708
10.1109/ACCESS.2024.3487217,709
10.1109/JIOT.2024.3479450,710
10.1109/JIOT.2024.3479450,711
10.1109/JIOT.2024.3479450,712
10.1109/TITS.2024.3443909,713
10.1109/TITS.2024.3443909,714
10.1109/TITS.2024.3443909,624
10.1109/TSC.2024.3411450,715
10.1109/TSC.2024.3411450,716
10.1109/TSC.2024.3411450,717
10.1109/TSC.2024.3411450,718
10.1109/TSC.2024.3411450,719
10.1109/TSC.2024.3411450,198
10.1109/TSC.2024.3411450,720
10.1109/TSC.2024.3411450,721
10.1109/TSC.2024.3411450,722
10.1109/TETC.2024.3386803,723
10.1109/TETC.2024.3386803,724
10.1109/TETC.2024.3386803,725
10.1109/JAS.2024.124626,678
10.1109/JAS.2024.124626,726
10.1109/JAS.2024.124626,727
10.1109/JAS.2024.124626,728
10.1109/JAS.2024.124626,729
10.1109/TSC.2024.3404372,730
10.1109/TSC.2024.3404372,731
10.1109/TSC.2024.3404372,732
10.1109/TDSC.2024.3431011,733
10.1109/TDSC.2024.3431011,734
10.1109/TDSC.2024.3431011,735
10.1109/TDSC.2024.3431011,736
10.1109/TDSC.2024.3431011,737
10.1109/TDSC.2024.3431011,738
10.1109/TDSC.2024.3431011,739
10.1109/TDSC.2024.3431011,740
10.1109/TKDE.2024.3436514,741
10.1109/TKDE.2024.3436514,742
10.1109/TKDE.2024.3436514,743
10.1109/JIOT.2024.3485674,744
10.1109/JIOT.2024.3485674,745
10.1109/JIOT.2024.3485674,746
10.1109/JIOT.2024.3485674,747
10.1109/JIOT.2024.3485674,720
10.1109/TCSS.2023.3308608,748
10.1109/TCSS.2023.3308608,749
10.1109/TCSS.2023.3308608,750
10.1109/TCSS.2023.3308608,751
10.1109/TCSS.2023.3308608,752
10.1109/TCSS.2023.3308608,753
10.1109/TCSS.2023.3308608,754
10.1109/TCSS.2023.3308608,755
10.1109/TCSS.2023.3308608,756
10.1109/TCE.2024.3426101,757
10.1109/TCE.2024.3426101,758
10.1109/TCE.2024.3426101,759
10.1109/TCE.2024.3426101,760
10.1109/TCE.2024.3426101,761
10.1109/TCE.2024.3426101,103
10.1109/TCE.2024.3416402,762
10.1109/TCE.2024.3416402,763
10.1109/TCE.2024.3416402,764
10.1109/TCE.2024.3416402,765
10.1109/ACCESS.2024.3482550,766
10.1109/ACCESS.2024.3482550,767
10.1109/ACCESS.2024.3482550,768
10.1109/ACCESS.2024.3482550,769
10.1109/ACCESS.2024.3482550,770
10.1109/TCE.2024.3478794,771
10.1109/TCE.2024.3478794,772
10.1109/TCE.2024.3478794,773
10.1109/TCE.2024.3478794,774
10.1109/TCE.2024.3478794,775
10.1109/TCE.2024.3478794,776
10.1109/TVT.2024.3469385,777
10.1109/TVT.2024.3469385,778
10.1109/TVT.2024.3469385,779
10.1109/TCE.2024.3471901,780
10.1109/TCE.2024.3471901,781
10.1109/TCE.2024.3471901,782
10.1109/TCE.2024.3471901,783
10.1109/TDSC.2024.3368655,784
10.1109/TDSC.2024.3368655,785
10.1109/TDSC.2024.3368655,786
10.1109/TDSC.2024.3368655,787
10.1109/TDSC.2024.3368655,788
10.1109/TDSC.2024.3368655,789
10.1109/TWC.2024.3401184,790
10.1109/TWC.2024.3401184,791
10.1109/TWC.2024.3401184,792
10.1109/TSG.2024.3445659,793
10.1109/TSG.2024.3445659,794
10.1109/TSG.2024.3445659,795
10.1109/TSG.2024.3445659,796
10.1109/TSG.2024.3445659,797
10.1109/TASE.2024.3397561,798
10.1109/TASE.2024.3397561,799
10.1109/TASE.2024.3397561,800
10.1109/TASE.2024.3397561,801
10.1109/TDSC.2024.3411820,802
10.1109/TDSC.2024.3411820,803
10.1109/TDSC.2024.3411820,804
10.1109/TDSC.2024.3411820,805
10.1109/TBDATA.2024.3403390,806
10.1109/TBDATA.2024.3403390,807
10.1109/TBDATA.2024.3403390,808
10.1109/TBDATA.2024.3403390,809
10.1109/TBDATA.2024.3403390,50
10.1109/JIOT.2024.3470731,810
10.1109/JIOT.2024.3470731,811
10.1109/JIOT.2024.3470731,812
10.1109/TITS.2024.3439822,813
10.1109/TITS.2024.3439822,814
10.1109/TITS.2024.3439822,760
10.1109/TITS.2024.3439822,761
10.1109/TITS.2024.3439822,103
10.1109/TPDS.2024.3467927,815
10.1109/TPDS.2024.3467927,816
10.1109/TPDS.2024.3467927,817
10.1109/TPDS.2024.3467927,818
10.1109/TPDS.2024.3467927,529
10.1109/TPDS.2024.3467927,608
10.1109/MNET.2024.3457577,819
10.1109/MNET.2024.3457577,820
10.1109/MNET.2024.3457577,821
10.1109/ACCESS.2024.3452003,822
10.1109/ACCESS.2024.3452003,823
10.1109/ACCESS.2024.3452003,824
10.1109/ACCESS.2024.3452003,825
10.1109/ACCESS.2024.3452003,826
10.1109/TNSE.2024.3449146,827
10.1109/TNSE.2024.3449146,828
10.1109/TNSE.2024.3449146,829
10.1109/TNSE.2024.3449146,830
10.1109/TNSE.2024.3449146,831
10.26599/TST.2024.9010019,832
10.26599/TST.2024.9010019,833
10.26599/TST.2024.9010019,834
10.26599/TST.2024.9010019,835
10.1109/TCE.2024.3391667,836
10.1109/TCE.2024.3391667,837
10.1109/TCE.2024.3391667,838
10.1109/TCE.2024.3391667,839
10.1109/TCE.2024.3391667,840
10.1109/TCE.2024.3391667,841
10.1109/JIOT.2024.3457837,842
10.1109/JIOT.2024.3457837,843
10.1109/JIOT.2024.3457837,844
10.1109/JIOT.2024.3457837,845
10.1109/JIOT.2024.3457837,846
10.1109/JIOT.2024.3457837,847
10.1109/JIOT.2024.3457837,848
10.1109/JIOT.2024.3445601,849
10.1109/JIOT.2024.3445601,850
10.1109/JIOT.2024.3445601,851
10.1109/JIOT.2024.3445601,852
10.1109/JIOT.2024.3445601,853
10.1109/JIOT.2024.3445601,854
10.1109/JIOT.2024.3445601,855
10.1109/JIOT.2024.3445601,856
10.1109/JIOT.2024.3445601,857
10.26599/TST.2023.9010112,858
10.26599/TST.2023.9010112,859
10.1109/TII.2024.3438253,860
10.1109/TII.2024.3438253,575
10.1109/TII.2024.3438253,861
10.1109/TII.2024.3438253,862
10.1109/TNSM.2024.3473016,863
10.1109/TNSM.2024.3473016,864
10.1109/TNSM.2024.3473016,865
10.1109/TNSM.2024.3473016,866
10.1109/TNSM.2024.3473016,867
10.1109/TNSM.2024.3473016,612
10.1109/TCE.2024.3454299,868
10.1109/TCE.2024.3454299,869
10.1109/ACCESS.2024.3481159,870
10.1109/TCSS.2024.3449748,871
10.1109/TCSS.2024.3449748,872
10.1109/TCSS.2024.3449748,873
10.1109/TCSS.2024.3449748,874
10.1109/TCSS.2024.3449748,875
10.1109/TCSS.2024.3449748,876
10.1109/TITS.2024.3480029,877
10.1109/TITS.2024.3480029,837
10.1109/TITS.2024.3480029,878
10.1109/TNET.2024.3436862,879
10.1109/TNET.2024.3436862,880
10.1109/TNET.2024.3436862,881
10.1109/TNET.2024.3436862,882
10.1109/TNET.2024.3436862,883
10.1109/JIOT.2024.3454087,884
10.1109/JIOT.2024.3454087,885
10.1109/JIOT.2024.3454087,886
10.1109/JIOT.2024.3454087,887
10.1109/JIOT.2024.3454087,888
10.1109/TC.2024.3475573,889
10.1109/TC.2024.3475573,890
10.1109/TSC.2024.3486185,891
10.1109/TSC.2024.3486185,892
10.1109/TSC.2024.3486185,893
10.1109/TSC.2024.3486185,894
10.1109/TSC.2024.3486185,895
10.1109/TSC.2024.3486185,896
10.1109/TVT.2024.3458080,897
10.1109/TVT.2024.3458080,898
10.1109/TVT.2024.3458080,442
10.1109/TVT.2024.3458080,899
10.1109/TVT.2024.3458080,900
10.1109/TVT.2024.3458080,901
10.1109/TIV.2024.3386775,902
10.1109/TIV.2024.3386775,903
10.1109/TIV.2024.3386775,904
10.1109/TIV.2024.3386775,905
10.1109/TIV.2024.3386775,906
10.1109/TIV.2024.3386775,907
10.1109/TNSE.2023.3324639,908
10.1109/TNSE.2023.3324639,909
10.1109/TNSE.2023.3324639,910
10.1109/TNSE.2023.3324639,911
10.1109/TNSE.2023.3324639,912
10.1109/TNSE.2023.3324639,913
10.1109/ACCESS.2019.2952687,914
10.1109/ACCESS.2019.2952687,915
10.1109/ACCESS.2019.2952687,916
10.1109/ACCESS.2019.2952687,917
10.1109/ACCESS.2019.2952687,918
10.1109/TBDATA.2022.3177170,919
10.1109/TBDATA.2022.3177170,920
10.1109/TBDATA.2022.3177170,921
10.1109/TBDATA.2022.3177170,922
10.1109/TBDATA.2022.3177170,923
10.1109/TBDATA.2022.3177170,924
10.1109/JBHI.2023.3325964,925
10.1109/JBHI.2023.3325964,926
10.1109/JBHI.2023.3325964,927
10.1109/JBHI.2023.3325964,928
10.1109/JBHI.2023.3325964,929
10.1109/JIOT.2024.3448212,930
10.1109/JIOT.2024.3448212,931
10.1109/JIOT.2024.3448212,932
10.1109/JIOT.2024.3448212,837
10.1109/JIOT.2024.3448212,933
10.1109/JIOT.2024.3448212,691
10.1109/TMC.2024.3407792,934
10.1109/TMC.2024.3407792,935
10.1109/TMC.2024.3407792,936
10.1109/TMC.2024.3407792,937
10.1109/TMC.2024.3407792,938
10.1109/TMC.2024.3407792,939
10.1109/TDSC.2024.3382031,940
10.1109/TDSC.2024.3382031,941
10.1109/TDSC.2024.3382031,942
10.1109/TDSC.2024.3382031,943
10.1109/TDSC.2024.3382031,944
10.1109/TDSC.2024.3382031,945
10.1109/TDSC.2024.3374809,946
10.1109/TDSC.2024.3374809,947
10.1109/TDSC.2024.3374809,948
10.1109/TDSC.2024.3374809,949
10.1109/TDSC.2024.3374809,950
10.1109/TDSC.2024.3374809,951
10.1109/TDSC.2024.3374809,952
10.1109/TDSC.2024.3374809,953
10.23919/JCC.ea.2022-0748.202401,954
10.23919/JCC.ea.2022-0748.202401,955
10.23919/JCC.ea.2022-0748.202401,956
10.23919/JCC.ea.2022-0748.202401,957
10.23919/JCC.ea.2022-0748.202401,958
10.1109/TMC.2024.3464494,959
10.1109/TMC.2024.3464494,960
10.1109/TMC.2024.3464494,961
10.1109/TMC.2024.3464494,962
10.1109/TMC.2024.3464494,963
10.1109/TDSC.2024.3446392,964
10.1109/TDSC.2024.3446392,803
10.1109/TDSC.2024.3446392,802
10.1109/TDSC.2024.3446392,965
10.1109/TDSC.2024.3446392,966
10.1109/TDSC.2024.3446392,804
10.1109/TDSC.2024.3446392,805
10.1109/JIOT.2024.3452785,967
10.1109/JIOT.2024.3452785,968
10.1109/JIOT.2024.3452785,969
10.1109/JIOT.2024.3452785,970
10.1109/JIOT.2024.3452785,204
10.1109/JIOT.2024.3452785,971
10.1109/TITS.2024.3432772,972
10.1109/TITS.2024.3432772,973
10.1109/TITS.2024.3432772,974
10.1109/TITS.2024.3432772,975
10.1109/TITS.2024.3432772,94
10.1109/TITS.2024.3432772,976
10.1109/TITS.2024.3432772,977
10.1109/TCE.2024.3418963,978
10.1109/TCE.2024.3418963,979
10.1109/TVT.2024.3432553,980
10.1109/TVT.2024.3432553,981
10.1109/TVT.2024.3432553,982
10.1109/TVT.2024.3432553,983
10.1109/JIOT.2024.3480995,984
10.1109/JIOT.2024.3480995,985
10.1109/JIOT.2024.3480995,986
10.1109/JIOT.2024.3480995,584
10.1109/JIOT.2024.3480995,987
10.1109/JIOT.2024.3480995,284
10.1109/JIOT.2024.3480995,301
10.1109/TR.2024.3474710,988
10.1109/TR.2024.3474710,989
10.1109/TR.2024.3474710,990
10.1109/TR.2024.3474710,991
10.1109/TR.2024.3474710,992
10.1109/TR.2024.3474710,993
10.1109/TDSC.2024.3410695,994
10.1109/TDSC.2024.3410695,995
10.1109/TDSC.2024.3410695,996
10.1109/TCE.2024.3471921,863
10.1109/TCE.2024.3471921,864
10.1109/TCE.2024.3471921,865
10.1109/TCE.2024.3471921,866
10.1109/TNET.2024.3445274,997
10.1109/TNET.2024.3445274,998
10.1109/TNET.2024.3445274,999
10.1109/TITS.2024.3446618,1000
10.1109/TITS.2024.3446618,1001
10.1109/TITS.2024.3446618,1002
10.1109/TITS.2024.3446618,1003
10.1109/ACCESS.2024.3486033,1004
10.1109/ACCESS.2024.3486033,1005
10.1109/TNSE.2024.3456116,1006
10.1109/TNSE.2024.3456116,1007
10.1109/TNSE.2024.3456116,1008
10.1109/TNSE.2024.3456116,1009
10.1109/TNSE.2024.3456116,1010
10.1109/TNSE.2024.3456116,963
10.1109/JIOT.2024.3455425,1011
10.1109/JIOT.2024.3455425,1012
10.1109/JIOT.2024.3455425,1013
10.1109/JIOT.2024.3455425,574
10.1109/JIOT.2024.3455425,1014
10.1109/TSUSC.2024.3452228,1015
10.1109/TSUSC.2024.3452228,1016
10.1109/TSUSC.2024.3452228,1017
10.1109/TSUSC.2024.3452228,1018
10.1109/TSUSC.2024.3452228,1019
10.1109/JIOT.2024.3465891,1020
10.1109/JIOT.2024.3465891,1021
10.1109/JIOT.2024.3465891,1022
10.1109/TVT.2024.3406946,1023
10.1109/TVT.2024.3406946,1024
10.1109/TVT.2024.3406946,1025
10.1109/TVT.2024.3406946,928
10.1109/TVT.2024.3406946,1026
10.1109/JIOT.2024.3468733,1027
10.1109/JIOT.2024.3468733,1028
10.1109/JIOT.2024.3468733,829
10.1109/JIOT.2024.3468733,1018
10.1109/JIOT.2024.3468733,830
10.1109/JIOT.2024.3468733,541
10.1109/JIOT.2024.3468733,1029
10.1109/JIOT.2024.3479328,1030
10.1109/JIOT.2024.3479328,726
10.1109/JIOT.2024.3479328,1031
10.1109/JIOT.2024.3479328,1032
10.1109/JIOT.2024.3479328,1033
10.1109/JIOT.2024.3479328,1034
10.1109/JIOT.2024.3483898,1035
10.1109/JIOT.2024.3483898,1036
10.1109/JIOT.2024.3483898,1037
10.1109/JIOT.2024.3483898,1038
10.1109/JIOT.2024.3483898,1039
10.1109/TDSC.2024.3399696,1040
10.1109/TDSC.2024.3399696,1041
10.1109/ACCESS.2024.3462896,1042
10.1109/ACCESS.2024.3462896,1043
10.1109/ACCESS.2024.3462896,1044
10.1109/ACCESS.2024.3486078,1045
10.1109/ACCESS.2024.3486078,1046
10.1109/ACCESS.2024.3486078,1047
10.1109/ACCESS.2024.3486078,1048
10.1109/ACCESS.2024.3486078,1049
10.1109/ACCESS.2024.3486078,1050
10.1109/ACCESS.2024.3486078,1051
10.1109/ACCESS.2024.3486078,1052
10.1109/ACCESS.2024.3486078,1053
10.1109/TVT.2024.3471334,5
10.1109/TVT.2024.3471334,1054
10.1109/TVT.2024.3471334,1055
10.1109/TVT.2024.3471334,1056
10.1109/TVT.2024.3471334,1057
10.1109/TVT.2024.3471334,1058
10.1109/TVT.2024.3471334,1059
10.1109/TVT.2024.3471334,1060
10.1109/JIOT.2024.3487154,1061
10.1109/JIOT.2024.3487154,1062
10.1109/JIOT.2024.3487154,1063
10.1109/JIOT.2024.3449412,1064
10.1109/JIOT.2024.3449412,1065
10.1109/JIOT.2024.3449412,626
10.1109/JIOT.2024.3449412,1066
10.1109/JIOT.2024.3449412,1067
10.1109/TDSC.2024.3418617,802
10.1109/TDSC.2024.3418617,803
10.1109/TDSC.2024.3418617,1068
10.1109/TDSC.2024.3418617,1069
10.1109/TDSC.2024.3418617,1070
10.1109/TDSC.2024.3418617,1071
10.1109/TDSC.2024.3418617,804
10.1109/TDSC.2024.3418617,805
10.1109/TCE.2024.3436825,1072
10.1109/TCE.2024.3436825,1073
10.1109/TCE.2024.3436825,1074
10.1109/OJCS.2024.3486193,1075
10.1109/OJCS.2024.3486193,1076
10.23919/JCC.ea.2021-0718.202401,1077
10.23919/JCC.ea.2021-0718.202401,1078
10.23919/JCC.ea.2021-0718.202401,1079
10.17775/CSEEJPES.2021.04830,1080
10.17775/CSEEJPES.2021.04830,924
10.17775/CSEEJPES.2021.04830,1081
10.17775/CSEEJPES.2021.04830,1082
10.1109/TVT.2024.3450078,1083
10.1109/TVT.2024.3450078,1084
10.1109/TVT.2024.3450078,1085
10.1109/TVT.2024.3450078,1086
10.1109/TVT.2024.3450078,1087
10.1109/TVT.2024.3450078,1088
10.1109/TITS.2024.3421381,1089
10.1109/TITS.2024.3421381,1090
10.1109/TBDATA.2024.3394700,1091
10.1109/TBDATA.2024.3394700,1092
10.1109/TBDATA.2024.3394700,837
10.1109/TBDATA.2024.3394700,575
10.1109/TBDATA.2024.3394700,1093
10.1109/TBDATA.2024.3394700,1094
10.1109/TBDATA.2024.3394700,878
10.1109/TCOMM.2024.3406400,1095
10.1109/TCOMM.2024.3406400,1096
10.1109/TCOMM.2024.3406400,1097
10.1109/TCOMM.2024.3406400,1098
10.1109/TCOMM.2024.3406400,1099
10.1109/TCSS.2024.3406769,1100
10.1109/TCSS.2024.3406769,1101
10.1109/TCSS.2024.3406769,1102
10.1109/TCSS.2024.3406769,1103
10.1109/TCSS.2024.3406769,1104
10.1109/TCSS.2024.3406769,1105
10.1109/ACCESS.2024.3419084,1106
10.1109/ACCESS.2024.3419084,1107
10.1109/ACCESS.2024.3419084,1108
10.1109/ACCESS.2024.3419084,1109
10.1109/TBDATA.2024.3481952,1110
10.1109/TBDATA.2024.3481952,1111
10.1109/TBDATA.2024.3481952,1112
10.1109/TBDATA.2024.3481952,1113
10.1109/TBDATA.2024.3481952,1114
10.1109/TBDATA.2024.3481952,1115
10.1109/TBDATA.2024.3481952,1116
10.1109/JIOT.2024.3439866,1117
10.1109/JIOT.2024.3439866,1118
10.1109/JIOT.2024.3439866,1119
10.1109/JIOT.2024.3439866,1120
10.1109/JIOT.2024.3439866,1121
10.1109/JIOT.2024.3439866,1122
10.1109/JIOT.2024.3439866,1123
10.1109/TCE.2024.3477297,1124
10.1109/TCE.2024.3477297,1125
10.1109/TCE.2024.3477297,1126
10.1109/TCE.2024.3477297,1127
10.1109/TCE.2024.3477297,1128
10.1109/TCE.2024.3477297,1129
10.1109/TVT.2024.3456852,1130
10.1109/TVT.2024.3456852,1131
10.1109/TVT.2024.3456852,1132
10.1109/TVT.2024.3456852,1133
10.1109/TVT.2024.3456852,1134
10.1109/TVT.2024.3456852,1135
10.1109/TVT.2024.3456852,1136
10.1109/JIOT.2024.3478820,1137
10.1109/JIOT.2024.3478820,1138
10.1109/JIOT.2024.3478820,1139
10.1109/JIOT.2024.3478820,1140
10.1109/LCOMM.2024.3419829,1141
10.1109/LCOMM.2024.3419829,1142
10.1109/LCOMM.2024.3419829,1143
10.1109/LCOMM.2024.3419829,1144
10.1109/LCOMM.2024.3419829,1145
10.1109/LCOMM.2024.3419829,1146
10.1109/LCOMM.2024.3419829,1147
10.1109/TIV.2024.3485984,1148
10.1109/TIV.2024.3485984,1149
10.1109/TIV.2024.3485984,1150
10.1109/TIV.2024.3485984,1151
10.1109/TIV.2024.3485984,1152
10.1109/TIV.2024.3485984,1153
10.1109/TIV.2024.3485984,1154
10.1109/TIV.2024.3485984,1155
10.1109/TIV.2024.3485984,471
10.1109/LWC.2024.3406913,1156
10.1109/LWC.2024.3406913,1157
10.1109/LWC.2024.3406913,1158
10.1109/LWC.2024.3406913,1159
10.1109/LWC.2024.3406913,1160
10.1109/TNNLS.2024.3446891,1161
10.1109/TNNLS.2024.3446891,1162
10.1109/TNNLS.2024.3446891,1163
10.1109/TNNLS.2024.3446891,1164
10.1109/TNNLS.2024.3446891,1165
10.1109/TCBB.2024.3467119,1166
10.1109/TCBB.2024.3467119,1167
10.1109/TCBB.2024.3467119,1168
10.1109/TCBB.2024.3467119,1169
10.1109/TCBB.2024.3467119,1170
10.1109/TCBB.2024.3467119,1171
10.1109/TCBB.2024.3467119,1172
10.1109/TCSVT.2024.3435722,1173
10.1109/TCSVT.2024.3435722,1174
10.1109/TCSVT.2024.3435722,1175
10.1109/TCSVT.2024.3435722,1176
10.1109/TCSVT.2024.3435722,1177
10.1109/TCSVT.2024.3435722,1178
10.1109/TCSVT.2024.3396289,1179
10.1109/TCSVT.2024.3396289,1174
10.1109/TCSVT.2024.3396289,1175
10.1109/TCSVT.2024.3396289,1180
10.1109/TCSVT.2024.3396289,1181
10.1109/TCSVT.2024.3396289,528
10.1109/TCSVT.2024.3395352,1182
10.1109/TCSVT.2024.3395352,1174
10.1109/TCSVT.2024.3395352,1175
10.1109/TCSVT.2024.3395352,1177
10.1109/TCSVT.2024.3395352,1181
10.1109/TCSVT.2024.3395352,1178
10.1109/JIOT.2024.3450728,1183
10.1109/JIOT.2024.3450728,1184
10.1109/JIOT.2024.3450728,1185
10.1109/JIOT.2024.3450728,1186
10.1109/JIOT.2024.3450728,1187
10.1109/TMC.2024.3417930,219
10.1109/TMC.2024.3417930,1188
10.1109/TMC.2024.3417930,33
10.1109/TMC.2024.3417930,221
10.1109/TMC.2024.3417930,1189
10.1109/TMC.2024.3417930,1190
10.1109/TMC.2024.3417930,37
10.1109/TNSE.2023.3238110,1191
10.1109/TNSE.2023.3238110,1192
10.1109/TNSE.2023.3238110,1193
10.1109/TNSE.2023.3238110,1194
10.1109/TNSE.2023.3238110,1195
10.1109/TMC.2024.3390208,194
10.1109/TMC.2024.3390208,193
10.1109/TMC.2024.3390208,111
10.1109/TMC.2024.3390208,110
10.1109/TMC.2024.3390208,198
10.1109/TMC.2024.3390208,199
10.1109/TMC.2024.3390208,196
10.1109/TVT.2024.3358784,1196
10.1109/TVT.2024.3358784,1197
10.1109/TVT.2024.3358784,1198
10.1109/TVT.2024.3358784,1199
10.1109/TVT.2024.3358784,1200
10.1109/TVT.2024.3358784,1201
10.1109/JIOT.2024.3422242,1202
10.1109/JIOT.2024.3422242,1203
10.1109/JIOT.2024.3477635,1204
10.1109/JIOT.2024.3477635,1205
10.1109/JIOT.2024.3477635,1206
10.1109/JIOT.2024.3477635,1207
10.1109/ACCESS.2024.3483437,1208
10.1109/ACCESS.2024.3483437,1209
10.1109/TETC.2024.3472059,1210
10.1109/TETC.2024.3472059,1211
10.1109/TETC.2024.3472059,1212
10.1109/TETC.2024.3472059,1213
10.1109/TETC.2024.3472059,1214
10.1109/TCE.2024.3444824,1215
10.1109/TCE.2024.3444824,1216
10.1109/TCE.2024.3444824,1217
10.1109/TCE.2024.3444824,1218
10.1109/TCE.2024.3444824,1219
10.1109/TCE.2024.3444824,1220
10.1109/TCE.2024.3444824,1221
10.1109/ACCESS.2024.3480128,1222
10.1109/ACCESS.2024.3480128,1223
10.1109/ACCESS.2024.3480128,1224
10.1109/ACCESS.2024.3480128,1225
10.1109/TSC.2024.3418330,1226
10.1109/TSC.2024.3418330,1227
10.1109/TSC.2024.3418330,1228
10.1109/TSC.2024.3418330,1229
10.1109/TSC.2024.3418330,1230
10.1109/TDSC.2024.3446864,1231
10.1109/TDSC.2024.3446864,772
10.1109/TDSC.2024.3446864,132
10.1109/TDSC.2024.3446864,1232
10.1109/TDSC.2024.3446864,1233
10.1109/TDSC.2024.3446864,1234
10.1109/TDSC.2024.3446864,1235
10.1109/TVT.2024.3424786,1236
10.1109/TVT.2024.3424786,1237
10.1109/TVT.2024.3424786,1238
10.1109/TCE.2024.3408281,1239
10.1109/TCE.2024.3408281,1240
10.1109/TCE.2024.3408281,612
10.1109/TCYB.2024.3403923,1241
10.1109/TCYB.2024.3403923,1242
10.1109/TCYB.2024.3403923,1243
10.1109/TMC.2024.3412106,1244
10.1109/TMC.2024.3412106,1245
10.1109/TMC.2024.3412106,1246
10.1109/TMC.2024.3412106,1247
10.1109/TMC.2024.3412106,1248
10.1109/TMC.2024.3412106,1249
10.1109/TCE.2024.3486157,1250
10.1109/TCE.2024.3486157,1251
10.1109/TCE.2024.3486157,1252
10.1109/TCE.2024.3486157,1253
10.1109/TCE.2024.3486157,783
10.1109/TCE.2024.3486157,1254
10.1109/JIOT.2024.3470009,1255
10.1109/JIOT.2024.3470009,1256
10.1109/JIOT.2024.3470009,1257
10.1109/JIOT.2024.3470009,1258
10.1109/JIOT.2024.3470009,1259
10.1109/JIOT.2024.3470009,1260
10.1109/TITS.2024.3431539,1261
10.1109/TITS.2024.3431539,1262
10.1109/TITS.2024.3431539,1063
10.1109/TITS.2024.3431539,1263
10.1109/TITS.2024.3431539,1264
10.1109/JIOT.2024.3445431,1265
10.1109/JIOT.2024.3445431,1266
10.1109/JIOT.2024.3445431,1267
10.1109/JIOT.2024.3445431,1268
10.1109/TIFS.2024.3475816,1269
10.1109/TIFS.2024.3475816,1270
10.1109/TIFS.2024.3475816,1271
10.1109/TIFS.2024.3475816,1272
10.1109/TCE.2024.3437639,1273
10.1109/TCE.2024.3437686,1274
10.1109/TSC.2024.3470320,1275
10.1109/TSC.2024.3470320,1276
10.1109/TSC.2024.3470320,1277
10.1109/TSC.2024.3470320,1278
10.1109/TSC.2024.3470320,1279
10.1109/TCE.2024.3476969,761
10.1109/TCE.2024.3476969,1280
10.1109/TCE.2024.3476969,760
10.1109/TCE.2024.3476969,103
10.1109/MNET.2024.3410640,1281
10.1109/MNET.2024.3410640,1282
10.1109/MNET.2024.3410640,1283
10.1109/MNET.2024.3410640,1284
10.1109/MNET.2024.3410640,1285
10.1109/TAI.2024.3355362,1286
10.1109/TAI.2024.3355362,1287
10.1109/TAI.2024.3355362,1100
10.1109/TAI.2024.3355362,1288
10.1109/TAI.2024.3355362,1289
10.1109/TAI.2024.3355362,1290
10.1109/TAI.2024.3355362,1104
10.1109/TCE.2024.3473902,1291
10.1109/TCE.2024.3473902,1292
10.1109/TCE.2024.3473902,1293
10.1109/TCE.2024.3473902,1294
10.1109/OAJPE.2024.3398397,1295
10.1109/OAJPE.2024.3398397,1296
10.1109/OAJPE.2024.3398397,1297
10.1109/OAJPE.2024.3398397,1298
10.1109/JIOT.2024.3482870,1299
10.1109/JIOT.2024.3482870,1300
10.1109/JIOT.2024.3482870,1301
10.1109/JIOT.2024.3482870,1302
10.1109/JIOT.2024.3482870,1303
10.1109/JIOT.2024.3482870,1304
10.1109/TCE.2024.3473739,1305
10.1109/TCE.2024.3473739,1306
10.1109/TCE.2024.3473739,1307
10.1109/TCE.2024.3473739,1308
10.1109/TCE.2024.3473739,1309
10.1109/TSE.2024.3427321,1310
10.1109/TSE.2024.3427321,1311
10.1109/TSE.2024.3427321,1312
10.1109/TSE.2024.3427321,1313
10.1109/TSE.2024.3427321,1314
10.1109/TSE.2024.3427321,608
10.1109/MNET.2024.3425223,1037
10.1109/MNET.2024.3425223,1315
10.1109/MNET.2024.3425223,1316
10.1109/MNET.2024.3425223,1317
10.1109/MNET.2024.3425223,1318
10.1109/TVT.2024.3432807,1319
10.1109/MCOM.001.2300839,1320
10.1109/MCOM.001.2300839,1321
10.1109/MCOM.001.2300839,1322
10.1109/TCSVT.2024.3486347,1323
10.1109/TCSVT.2024.3486347,1174
10.1109/TCSVT.2024.3486347,1175
10.1109/TCSVT.2024.3486347,1324
10.1109/TCSVT.2024.3486347,1178
10.1109/TMC.2024.3447907,1325
10.1109/TMC.2024.3447907,665
10.1109/TMC.2024.3447907,418
10.1109/TMC.2024.3447907,1326
10.1109/TMC.2024.3447907,1327
10.1109/TMC.2024.3447907,1328
10.1109/TMC.2024.3447907,37
10.1109/TPAMI.2024.3399936,1329
10.1109/TPAMI.2024.3399936,1162
10.1109/TPAMI.2024.3399936,1330
10.1109/TPAMI.2024.3399936,1331
10.1109/TPAMI.2024.3399936,1332
10.1109/TPAMI.2024.3399936,1333
10.1109/TPAMI.2024.3399936,1165
10.1109/TCSVT.2024.3402436,1181
10.1109/TCSVT.2024.3402436,1174
10.1109/TCSVT.2024.3402436,1176
10.1109/TCSVT.2024.3402436,1175
10.1109/TCSVT.2024.3402436,1177
10.1109/TCSVT.2024.3402436,1178
10.1109/TDSC.2024.3429503,300
10.1109/TDSC.2024.3429503,721
10.1109/TDSC.2024.3429503,1334
10.1109/TDSC.2024.3429503,888
10.1109/TDSC.2024.3429503,1335
10.1109/TDSC.2024.3429503,1336
10.1109/TDSC.2024.3429503,1337
10.1109/TDSC.2024.3429503,179
10.1109/TDSC.2024.3429503,720
10.1109/TCDS.2024.3441865,1338
10.1109/TCDS.2024.3441865,1339
10.1109/TCDS.2024.3441865,1340
10.1109/TCDS.2024.3441865,1341
10.1109/TCDS.2024.3441865,1342
10.1109/TASE.2024.3456239,1343
10.1109/TASE.2024.3456239,1344
10.1109/TASE.2024.3456239,1345
10.1109/TASE.2024.3456239,1346
10.1109/TASE.2024.3456239,528
10.1109/TSE.2024.3468296,1347
10.1109/TSE.2024.3468296,182
10.1109/TSE.2024.3468296,1348
10.1109/TSE.2024.3468296,1349
10.1109/JIOT.2024.3475215,1350
10.1109/JIOT.2024.3475215,1351
10.1109/JIOT.2024.3475215,1352
10.1109/JIOT.2024.3475215,1353
10.1109/JIOT.2024.3475215,1354
10.1109/TKDE.2024.3480278,1355
10.1109/TKDE.2024.3480278,1356
10.1109/TKDE.2024.3480278,1357
10.1109/TKDE.2024.3480278,338
10.1109/TKDE.2024.3480278,1358
10.1109/TKDE.2024.3480278,569
10.1109/TKDE.2024.3424411,1359
10.1109/TKDE.2024.3424411,1360
10.1109/TKDE.2024.3424411,1361
10.1109/TKDE.2024.3424411,1362
10.1109/TKDE.2024.3424411,1363
10.1109/TKDE.2024.3424411,1364
10.1109/MNET.2024.3399751,1365
10.1109/MNET.2024.3399751,831
10.1109/MNET.2024.3399751,1366
10.1109/MNET.2024.3399751,1367
10.1109/MNET.2024.3399751,1368
10.1109/TCE.2024.3411410,991
10.1109/TCE.2024.3411410,1369
10.1109/ACCESS.2024.3486029,1051
10.1109/ACCESS.2024.3486029,1370
10.1109/ACCESS.2024.3486029,1371
10.1109/ACCESS.2024.3486029,1048
10.1109/ACCESS.2024.3486029,1049
10.1109/ACCESS.2024.3486029,1050
10.1109/ACCESS.2024.3486029,1045
10.1109/ACCESS.2024.3486029,1052
10.1109/ACCESS.2024.3486029,1053
10.1109/MCOM.003.2400310,407
10.1109/MCOM.003.2400310,1372
10.1109/MCOM.003.2400310,1373
10.1109/MCOM.003.2400310,411
10.1109/MCOM.003.2400310,1374
10.1109/MCOM.003.2400310,1375
10.1109/MCOM.003.2400310,1376
10.1109/JIOT.2024.3485215,1377
10.1109/TMC.2024.3455417,1378
10.1109/TMC.2024.3455417,507
10.1109/TMC.2024.3455417,198
10.1109/TMC.2024.3455417,1379
10.1109/TMC.2024.3455417,111
10.1109/MWC.007.2400141,1380
10.1109/MWC.007.2400141,1381
10.1109/MWC.007.2400141,1382
10.1109/MWC.007.2400141,111
10.1109/TGCN.2024.3386172,1383
10.1109/TGCN.2024.3386172,1384
10.1109/TGCN.2024.3386172,1385
10.17775/CSEEJPES.2023.01780,1386
10.17775/CSEEJPES.2023.01780,1387
10.17775/CSEEJPES.2023.01780,1388
10.17775/CSEEJPES.2023.01780,1389
10.1109/TMC.2024.3477616,1390
10.1109/TMC.2024.3477616,1391
10.1109/TMC.2024.3477616,1392
10.1109/TMC.2024.3477616,1393
10.1109/TMC.2024.3477616,1394
10.1109/TMC.2024.3477616,1395
10.1109/TMC.2024.3477616,1396
10.1109/TMC.2024.3477616,1397
10.1109/TMC.2024.3477616,1398
10.1109/TMC.2024.3477616,1399
10.1109/TMC.2024.3477616,1400
10.1109/TIV.2024.3485568,1401
10.1109/TIV.2024.3485568,1402
10.1109/TIV.2024.3485568,1403
10.1109/TIV.2024.3485568,1404
10.1109/TIV.2024.3485568,1405
10.1109/JIOT.2024.3417003,1406
10.1109/JIOT.2024.3417003,133
10.1109/JIOT.2024.3417003,1407
10.1109/TSUSC.2024.3409329,1408
10.1109/TSUSC.2024.3409329,1409
10.1109/TSUSC.2024.3409329,1410
10.1109/TSUSC.2024.3409329,1411
10.1109/TSUSC.2024.3409329,112
10.1109/TSUSC.2024.3409329,1412
10.1109/TNET.2024.3466245,1413
10.1109/TNET.2024.3466245,1414
10.1109/TNET.2024.3466245,999
10.1109/TNET.2024.3466245,1415
10.1109/JIOT.2024.3431879,1416
10.1109/JIOT.2024.3431879,1417
10.1109/JIOT.2024.3431879,1418
10.1109/JIOT.2024.3468443,1419
10.1109/JIOT.2024.3468443,1420
10.1109/JIOT.2024.3468443,1421
10.1109/JIOT.2024.3468443,1422
10.1109/JIOT.2024.3468443,1423
10.1109/JIOT.2024.3468443,1424
10.1109/JIOT.2024.3468443,1425
10.1109/JIOT.2024.3468443,110
10.1109/JIOT.2024.3468443,1426
10.1109/TITS.2024.3472013,1427
10.1109/TITS.2024.3472013,1428
10.1109/TITS.2024.3472013,1429
10.1109/TITS.2024.3472013,837
10.1109/TITS.2024.3472013,878
10.1109/TCE.2024.3439437,1430
10.1109/TCE.2024.3439437,1431
10.1109/TCE.2024.3439437,1432
10.1109/TCE.2024.3439437,1433
10.1109/TCE.2024.3439437,1029
10.1109/MCE.2024.3482712,1434
10.1109/MCE.2024.3482712,1435
10.1109/MCE.2024.3482712,1436
10.1109/MCE.2024.3482712,1437
10.1109/MCE.2024.3482712,1438
10.1109/MCE.2024.3482712,1439
10.1109/TVT.2024.3476670,1440
10.1109/TVT.2024.3476670,1441
10.1109/TVT.2024.3476670,1442
10.1109/TVT.2024.3476670,1443
10.1109/TVT.2024.3476670,1444
10.1109/TVT.2024.3476670,1445
10.1109/TCSS.2024.3395467,1446
10.1109/TCSS.2024.3395467,1447
10.1109/TCSS.2024.3395467,1448
10.1109/TCSS.2024.3395467,1449
10.1109/TCSS.2024.3395467,1450
10.1109/TCSS.2024.3395467,1451
10.1109/TCSS.2024.3395467,656
10.1109/TCSS.2024.3395467,1452
10.1109/TCSS.2024.3395467,1453
10.1109/TCSS.2024.3395467,94
10.1109/TDSC.2024.3381973,1169
10.1109/TDSC.2024.3381973,850
10.1109/TDSC.2024.3381973,788
10.1109/TDSC.2024.3381973,1454
10.1109/TDSC.2024.3381973,1455
10.1109/TCSS.2023.3299254,1456
10.1109/TCSS.2023.3299254,1457
10.1109/TCSS.2023.3299254,1458
10.1109/TCSS.2023.3299254,1459
10.1109/JIOT.2024.3450433,1460
10.1109/JIOT.2024.3450433,1461
10.1109/JIOT.2024.3450433,1462
10.1109/TSC.2024.3453709,1463
10.1109/TSC.2024.3453709,1464
10.1109/TSC.2024.3453709,888
10.1109/TSC.2024.3453709,1465
10.1109/TSC.2024.3453709,1466
10.1109/TSC.2024.3453709,1467
10.1109/MNET.2024.3382346,1468
10.1109/MNET.2024.3382346,986
10.1109/MNET.2024.3382346,985
10.1109/MNET.2024.3382346,584
10.1109/MNET.2024.3382346,1469
10.1109/MNET.2024.3382346,1470
10.1109/MNET.2024.3382346,924
10.1109/MNET.2024.3382346,217
10.1109/ACCESS.2024.3486605,1471
10.1109/ACCESS.2024.3486605,1472
10.1109/ACCESS.2024.3486605,1473
10.1109/ACCESS.2024.3486605,1474
10.1109/ACCESS.2024.3486605,1475
10.1109/TCSS.2024.3379254,1476
10.1109/TCSS.2024.3379254,749
10.1109/TCSS.2024.3379254,1477
10.1109/TCSS.2024.3379254,751
10.1109/TCSS.2024.3379254,1478
10.1109/TCSS.2024.3379254,750
10.1109/TCSS.2024.3379254,1479
10.1109/MNET.2024.3441040,534
10.1109/MNET.2024.3441040,1480
10.1109/MNET.2024.3441040,198
10.1109/MNET.2024.3441040,1481
10.1109/MNET.2024.3441040,1482
10.1109/MNET.2024.3441040,529
10.1109/MNET.2024.3441040,1483
10.1109/MNET.2024.3441040,197
10.1109/TCE.2024.3450649,571
10.1109/TCE.2024.3450649,1484
10.1109/TCE.2024.3450649,1485
10.1109/TCE.2024.3450649,1486
10.1109/TCE.2024.3450649,1487
10.1109/TCE.2024.3450649,574
10.1109/TCE.2024.3450649,705
10.1109/TCOMM.2024.3416888,1488
10.1109/TCOMM.2024.3416888,1489
10.1109/TCOMM.2024.3416888,1490
10.1109/TCOMM.2024.3416888,1491
10.1109/TCOMM.2024.3416888,1492
10.1109/TVT.2024.3368439,1493
10.1109/TVT.2024.3368439,1494
10.1109/TVT.2024.3368439,1495
10.1109/TVT.2024.3368439,691
10.1109/TCE.2024.3396723,1496
10.1109/TCE.2024.3396723,1497
10.1109/TCE.2024.3396723,131
10.1109/TCE.2024.3396723,1498
10.1109/TBC.2024.3434745,1499
10.1109/TBC.2024.3434745,1500
10.1109/TBC.2024.3434745,1501
10.1109/TBC.2024.3434745,1502
10.1109/TBC.2024.3434745,1503
10.1109/TBC.2024.3434745,1504
10.1109/TBC.2024.3434745,1505
10.1109/TCE.2024.3479078,1506
10.1109/TCE.2024.3479078,1507
10.1109/TCE.2024.3479078,1508
10.1109/TCE.2024.3479078,1509
10.1109/TCE.2024.3409845,1510
10.1109/TCE.2024.3409845,1494
10.1109/TCE.2024.3409845,1495
10.1109/TCE.2024.3409845,691
10.1109/JIOT.2024.3478754,1511
10.1109/JIOT.2024.3478754,1512
10.1109/TMC.2024.3397687,1513
10.1109/TMC.2024.3397687,1514
10.1109/TMC.2024.3397687,888
10.1109/TMC.2024.3397687,1515
10.1109/TMC.2024.3397687,1516
10.1109/TMC.2024.3397687,1517
10.1109/TDSC.2024.3445429,1518
10.1109/TDSC.2024.3445429,1063
10.1109/TDSC.2024.3445429,1519
10.1109/JIOT.2024.3478231,1520
10.1109/JIOT.2024.3478231,1521
10.1109/JIOT.2024.3478231,1522
10.1109/JIOT.2024.3478231,1523
10.1109/JIOT.2024.3478231,1512
10.1109/JIOT.2024.3478231,681
10.1109/JIOT.2024.3478231,1524
10.1109/TR.2024.3382490,1525
10.1109/TR.2024.3382490,1526
10.1109/TR.2024.3382490,1527
10.1109/TVT.2024.3448207,1528
10.1109/TVT.2024.3448207,1529
10.1109/TVT.2024.3448207,1530
10.1109/TVT.2024.3448207,830
10.1109/TVT.2024.3448207,1531
10.1109/TVT.2024.3448207,1532
10.1109/TVT.2024.3448207,1533
10.1109/TVT.2024.3448207,1534
10.1109/TVT.2024.3448207,1535
10.1109/JIOT.2024.3466905,1536
10.1109/JIOT.2024.3466905,132
10.1109/JIOT.2024.3466905,1537
10.1109/JIOT.2024.3466905,1538
10.1109/TVT.2024.3417689,1539
10.1109/TVT.2024.3417689,1540
10.1109/TDSC.2024.3478049,1541
10.1109/TDSC.2024.3478049,1542
10.1109/TDSC.2024.3478049,1543
10.1109/COMST.2024.3392642,1544
10.1109/COMST.2024.3392642,1545
10.1109/COMST.2024.3392642,1546
10.1109/COMST.2024.3392642,1547
10.1109/COMST.2024.3392642,1548
10.1109/COMST.2024.3392642,1549
10.1109/COMST.2024.3392642,1550
10.1109/COMST.2024.3392642,1551
10.1109/COMST.2024.3392642,1552
10.1109/COMST.2024.3392642,1553
10.1109/COMST.2024.3392642,1554
10.1109/COMST.2024.3392642,1555
10.1109/COMST.2024.3392642,1556
10.1109/COMST.2024.3392642,1557
10.1109/COMST.2024.3392642,1558
10.1109/COMST.2024.3392642,1559
10.1109/COMST.2024.3392642,1560
10.1109/TCSS.2023.3247464,1561
10.1109/TCSS.2023.3247464,1562
10.1109/TCSS.2024.3361465,1563
10.1109/TCSS.2024.3361465,1564
10.1109/TCSS.2024.3361465,1565
10.1109/TCSS.2024.3361465,1218
10.1109/TCSS.2024.3361465,1566
10.1109/TSC.2024.3463431,1567
10.1109/TSC.2024.3463431,738
10.1109/TSC.2024.3463431,1568
10.1109/TSC.2024.3463431,1569
10.1109/TSC.2024.3463431,1570
10.1109/TSC.2024.3463431,1571
10.1109/TSC.2024.3463431,1572
10.1109/TIT.2024.3447576,1573
10.1109/TIT.2024.3447576,1574
10.1109/TCSS.2024.3415631,1575
10.1109/TCSS.2024.3415631,142
10.1109/TCSS.2024.3415631,1562
10.1109/TCE.2024.3472608,1576
10.1109/TCE.2024.3472608,336
10.1109/TCE.2024.3472608,1577
10.1109/JIOT.2024.3420949,1578
10.1109/JIOT.2024.3420949,1579
10.1109/JIOT.2024.3420949,1580
10.1109/JIOT.2024.3420949,1581
10.1109/JIOT.2024.3420949,1582
10.1109/JIOT.2024.3420949,1583
10.1109/ACCESS.2024.3481496,1584
10.1109/ACCESS.2024.3481496,1585
10.1109/ACCESS.2024.3481496,1586
10.1109/ACCESS.2024.3481496,1587
10.1109/TITS.2024.3428443,1588
10.1109/TITS.2024.3428443,1589
10.1109/TDSC.2024.3396342,1590
10.1109/TDSC.2024.3396342,1591
10.1109/TDSC.2024.3396342,1592
10.1109/TDSC.2024.3396342,1593
10.1109/TDSC.2024.3396342,1594
10.1109/TMC.2024.3442933,1595
10.1109/TMC.2024.3442933,1596
10.1109/TMC.2024.3442933,1480
10.1109/TMC.2024.3442933,1597
10.1109/TMC.2024.3442933,198
10.1109/TMC.2024.3442933,1249
10.1109/TWC.2024.3479149,989
10.1109/TWC.2024.3479149,993
10.1109/TWC.2024.3479149,990
10.1109/TWC.2024.3479149,992
10.1109/TWC.2024.3479149,988
10.1109/TNSE.2024.3470788,1598
10.1109/TNSE.2024.3470788,1599
10.1109/TNSE.2024.3470788,1600
10.1109/TNSE.2024.3470788,1601
10.1109/TNSE.2024.3470788,1602
10.1109/TSUSC.2024.3410237,1603
10.1109/TSUSC.2024.3410237,1604
10.1109/TSUSC.2024.3410237,1410
10.1109/TSUSC.2024.3410237,1605
10.1109/TSUSC.2024.3410237,1606
10.1109/TSUSC.2024.3410237,1607
10.1109/TSUSC.2024.3410237,1608
10.1109/TSUSC.2024.3410237,1609
10.1109/TMC.2024.3429501,68
10.1109/TMC.2024.3429501,658
10.1109/TMC.2024.3429501,660
10.1109/TMC.2024.3429501,300
10.1109/TMC.2024.3429501,301
10.1109/MNET.2024.3438096,1610
10.1109/MNET.2024.3438096,1611
10.1109/MNET.2024.3438096,944
10.1109/MNET.2024.3438096,1612
10.1109/MNET.2024.3438096,1613
10.1109/TNNLS.2023.3274912,1614
10.1109/TNNLS.2023.3274912,1615
10.1109/TNNLS.2023.3274912,1616
10.1109/TNNLS.2023.3274912,1617
10.1109/TNNLS.2023.3274912,1618
10.1109/TNNLS.2023.3274912,1619
10.1109/TNNLS.2023.3274912,1620
10.1109/TNNLS.2023.3274912,1621
10.1109/TNSM.2024.3456229,1622
10.1109/TNSM.2024.3456229,1623
10.1109/TNSM.2024.3456229,999
10.1109/TR.2024.3431869,1624
10.1109/TR.2024.3431869,1625
10.1109/TR.2024.3431869,1626
10.1109/TR.2024.3431869,1627
10.1109/TR.2024.3431869,1628
10.1109/TR.2024.3431869,1629
10.1109/TNSE.2024.3447025,1630
10.1109/TNSE.2024.3447025,1631
10.1109/TNSE.2024.3447025,1632
10.1109/TNSE.2024.3450932,1633
10.1109/TNSE.2024.3450932,1006
10.1109/TNSE.2024.3450932,1634
10.1109/TNSE.2024.3450932,1008
10.1109/TNSE.2024.3450932,1635
10.1109/TNSE.2024.3450932,1009
10.1109/TMC.2024.3399772,1636
10.1109/TMC.2024.3399772,1637
10.1109/TMC.2024.3399772,1515
10.1109/TMC.2024.3399772,1513
10.1109/TMC.2024.3399772,1638
10.1109/TMC.2024.3399772,1639
10.1109/TMC.2024.3399772,888
10.1109/TDSC.2024.3390761,1640
10.1109/TDSC.2024.3390761,1641
10.1109/TDSC.2024.3390761,1642
10.1109/TDSC.2024.3390761,36
10.1109/TDSC.2024.3390761,1643
10.1109/TDSC.2024.3390761,1644
10.1109/TETCI.2024.3423346,1645
10.1109/TETCI.2024.3423346,1646
10.1109/TETCI.2024.3423346,1647
10.1109/TETCI.2024.3423346,1648
10.1109/TDSC.2024.3429203,1649
10.1109/TDSC.2024.3429203,1650
10.1109/TDSC.2024.3429203,1651
10.1109/TDSC.2024.3429203,1652
10.1109/TDSC.2024.3429203,1653
10.1109/TDSC.2024.3429203,418
10.1109/TSE.2024.3486195,1654
10.1109/TSE.2024.3486195,1655
10.1109/TSE.2024.3486195,1656
10.1109/TSE.2024.3486195,1657
10.1109/TSE.2024.3486195,1658
10.1109/TSE.2024.3486195,1659
10.1109/TSE.2024.3486195,1660
10.1109/TSE.2024.3486195,1661
10.1109/TDSC.2024.3375311,1662
10.1109/TDSC.2024.3375311,1663
10.1109/TDSC.2024.3375311,1664
10.1109/TDSC.2024.3375311,1665
10.1109/TDSC.2024.3375311,1666
10.1109/TDSC.2024.3375311,1667
10.1109/TDSC.2024.3375311,740
10.1109/TDSC.2024.3375311,37
10.1109/TSC.2024.3463394,1668
10.1109/TSC.2024.3463394,614
10.1109/TSC.2024.3463394,1669
10.1109/TSC.2024.3463394,1648
10.1109/ACCESS.2024.3477258,1670
10.1109/ACCESS.2024.3477258,1671
10.1109/ACCESS.2024.3477258,1672
10.1109/TNSM.2024.3451995,1673
10.1109/TNSM.2024.3451995,1674
10.1109/TNSM.2024.3451995,1675
10.1109/TNSM.2024.3451995,1676
10.1109/TNSM.2024.3451995,1677
10.1109/TIFS.2024.3484291,1678
10.1109/TIFS.2024.3484291,1679
10.1109/TIFS.2024.3484291,1680
10.1109/TIFS.2024.3484291,1681
10.1109/TIFS.2024.3484291,1682
10.1109/TIFS.2024.3484291,1683
10.1109/JIOT.2024.3429342,1588
10.1109/JIOT.2024.3429342,1684
10.1109/TAFE.2024.3469538,1685
10.1109/TAFE.2024.3469538,1686
10.1109/TAFE.2024.3469538,1687
10.1109/TAFE.2024.3469538,1688
10.1109/TAFE.2024.3469538,1689
10.1109/TAFE.2024.3469538,1690
10.1109/TAFE.2024.3469538,1691
10.1109/TAFE.2024.3469538,1692
10.1109/TAFE.2024.3469538,1693
10.1109/TAFE.2024.3469538,1694
10.1109/TAFE.2024.3469538,1695
10.1109/TAFE.2024.3469538,1696
10.1109/TAFE.2024.3469538,1697
10.1109/TAFE.2024.3469538,1698
10.1109/TAFE.2024.3469538,1699
10.1109/TAFE.2024.3469538,1700
10.1109/TAFE.2024.3469538,1701
10.1109/TAFE.2024.3469538,1702
10.1109/TAFE.2024.3469538,1703
10.1109/TAFE.2024.3469538,1704
10.1109/TAFE.2024.3469538,1705
10.1109/TAFE.2024.3469538,1706
10.1109/TAFE.2024.3469538,1707
10.1109/TAFE.2024.3469538,1708
10.1109/TAFE.2024.3469538,1709
10.1109/TAFE.2024.3469538,1710
10.1109/TDSC.2024.3391345,1711
10.1109/TDSC.2024.3391345,1712
10.1109/TDSC.2024.3391345,1713
10.1109/TDSC.2024.3391345,1714
10.1109/TDSC.2024.3391345,1715
10.1109/TDSC.2024.3391345,1716
10.1109/TDSC.2024.3391345,1717
10.1109/EMR.2024.3453974,1718
10.1109/EMR.2024.3453974,1719
10.1109/TCCN.2024.3407067,1720
10.1109/TCCN.2024.3407067,1721
10.1109/TCCN.2024.3407067,110
10.1109/TCCN.2024.3407067,1722
10.1109/TCCN.2024.3407067,1723
10.1109/TCCN.2024.3407067,1724
10.1109/TCCN.2024.3407067,111
10.1109/TCCN.2024.3407067,200
10.1109/TCCN.2024.3407067,1725
10.1109/TSC.2024.3463427,1726
10.1109/TSC.2024.3463427,1727
10.1109/TSC.2024.3463427,1728
10.1109/TSC.2024.3463427,1729
10.1109/TSC.2024.3463427,1730
10.1109/TSC.2024.3463427,1731
10.1109/TSC.2024.3463427,1732
10.1109/JIOT.2021.3134366,1733
10.1109/JIOT.2021.3134366,1734
10.1109/JIOT.2021.3134366,1735
10.1109/JIOT.2021.3134366,1736
10.1109/JIOT.2021.3134366,1737
10.1109/JIOT.2021.3134366,1738
10.1109/JIOT.2021.3134366,1739
10.1109/MCE.2023.3333559,1740
10.1109/MCE.2023.3333559,1741
10.1109/MCE.2023.3333559,1742
10.1109/MCE.2023.3333559,1743
10.1109/ACCESS.2024.3484508,1744
10.1109/ACCESS.2024.3484508,1745
10.1109/JBHI.2024.3408215,1746
10.1109/JBHI.2024.3408215,1747
10.1109/JBHI.2024.3408215,1748
10.1109/JBHI.2024.3408215,612
10.1109/JBHI.2024.3408215,1749
10.1109/JBHI.2024.3408215,1750
10.1109/TBDATA.2024.3403370,1751
10.1109/TBDATA.2024.3403370,1752
10.1109/TBDATA.2024.3403370,1753
10.1109/TBDATA.2024.3403370,1754
10.1109/TBDATA.2024.3403370,1755
10.1109/MCE.2024.3353178,1756
10.1109/MCE.2024.3353178,142
10.1109/MCE.2024.3353178,1562
10.1109/JIOT.2024.3473771,1757
10.1109/JIOT.2024.3473771,1758
10.1109/JIOT.2024.3473771,1759
10.1109/JIOT.2024.3473771,1760
10.1109/JIOT.2024.3473771,1761
10.1109/TII.2024.3461783,1762
10.1109/TII.2024.3461783,1763
10.1109/TII.2024.3461783,1764
10.1109/MWC.003.2400038,1765
10.1109/MWC.003.2400038,1766
10.1109/MWC.003.2400038,1767
10.1109/TCE.2024.3436686,1768
10.1109/TCE.2024.3436686,1769
10.1109/TCE.2024.3423754,1770
10.1109/TCE.2024.3423754,1771
10.1109/TCE.2024.3423754,1772
10.1109/TCE.2024.3423754,1773
10.1109/TCE.2024.3423754,1774
10.1109/TCE.2024.3423754,1775
10.1109/TCE.2024.3423754,1776
10.1109/TCE.2024.3423754,1777
10.1109/TCE.2024.3423754,1778
10.1109/MNET.2024.3486202,1779
10.1109/MNET.2024.3486202,1780
10.1109/MNET.2024.3486202,1781
10.1109/MNET.2024.3486202,1782
10.1109/MNET.2024.3486202,1783
10.1109/LCOMM.2023.3344777,587
10.1109/LCOMM.2023.3344777,1784
10.1109/LCOMM.2023.3344777,1785
10.1109/LCOMM.2023.3344777,1786
10.1109/LCOMM.2023.3344777,1787
10.1109/TNSE.2024.3418558,1788
10.1109/TNSE.2024.3418558,1789
10.1109/TNSE.2024.3418558,1790
10.1109/TNSE.2024.3418558,1791
10.1109/TNSE.2024.3418558,1792
10.1109/MNET.2024.3482273,1793
10.1109/MNET.2024.3482273,1794
10.1109/MNET.2024.3482273,1795
10.1109/MNET.2024.3482273,1796
10.1109/MNET.2024.3482273,1609
10.1109/TIFS.2023.3314211,1797
10.1109/TIFS.2023.3314211,1798
10.1109/TIFS.2023.3314211,1799
10.1109/TIFS.2023.3314211,792
10.1109/TIFS.2023.3314211,1302
10.1109/TIFS.2023.3314211,1800
10.1109/TIFS.2023.3314211,1801
10.1109/JSEN.2023.3322535,1802
10.1109/JSEN.2023.3322535,1803
10.1109/JSEN.2023.3322535,1804
10.1109/JIOT.2024.3389656,1805
10.1109/JIOT.2024.3389656,1564
10.1109/JIOT.2024.3389656,1218
10.1109/JIOT.2024.3389656,1806
10.1109/JIOT.2024.3389656,1807
10.1109/JIOT.2024.3389656,1565
10.1109/JIOT.2024.3389656,1808
10.1109/TVT.2024.3456029,1496
10.1109/TVT.2024.3456029,1497
10.1109/TVT.2024.3456029,1809
10.1109/MCOM.004.2300503,1810
10.1109/MCOM.004.2300503,1811
10.1109/MCOM.004.2300503,1812
10.1109/MCOM.004.2300503,1813
10.1109/MCOM.004.2300503,112
10.1109/TDSC.2024.3475391,1814
10.1109/TDSC.2024.3475391,1815
10.1109/TDSC.2024.3475391,1816
10.1109/TDSC.2024.3475391,1817
10.1109/TCC.2024.3452324,1818
10.1109/TCC.2024.3452324,1819
10.1109/TCC.2024.3452324,1432
10.1109/TCC.2024.3452324,1820
10.1109/TCC.2024.3452324,1821
10.1109/TCC.2024.3452324,1822
10.1109/TCC.2024.3452324,1262
10.1109/TMC.2024.3475481,940
10.1109/TMC.2024.3475481,1823
10.1109/TMC.2024.3475481,1824
10.1109/TMC.2024.3475481,942
10.1109/TMC.2024.3475481,944
10.1109/TMC.2024.3475481,1825
10.1109/MCE.2024.3364118,141
10.1109/MCE.2024.3364118,1826
10.1109/MCE.2024.3364118,1827
10.1109/MCE.2024.3364118,142
10.1109/TDSC.2024.3474060,1828
10.1109/TDSC.2024.3474060,1829
10.1109/TDSC.2024.3474060,1830
10.1109/TDSC.2024.3474060,1831
10.1109/TDSC.2024.3474060,615
10.1109/TDSC.2024.3474060,1832
10.1109/TVCG.2024.3372055,1833
10.1109/TVCG.2024.3372055,1834
10.1109/TNSE.2023.3293453,1835
10.1109/TNSE.2023.3293453,1539
10.1109/TNSE.2023.3293453,1836
10.1109/TNSE.2023.3293453,1190
10.1109/TNSE.2023.3293453,1837
10.1109/TNSE.2023.3293453,1838
10.1109/TMC.2024.3437745,1839
10.1109/TMC.2024.3437745,1840
10.1109/TMC.2024.3437745,1253
10.1109/TMC.2024.3437745,1841
10.1109/TMC.2024.3437745,1842
10.1109/TMC.2024.3437745,1843
10.1109/TMC.2024.3437745,1830
10.1109/JBHI.2023.3272021,1844
10.1109/JBHI.2023.3272021,448
10.1109/JBHI.2023.3272021,1845
10.1109/JBHI.2023.3272021,774
10.1109/JBHI.2023.3272021,1846
10.1109/JBHI.2023.3272021,1847
10.1109/TIFS.2024.3484296,1848
10.1109/TIFS.2024.3484296,1849
10.1109/TIFS.2024.3484296,1850
10.1109/TIFS.2024.3484296,1851
10.1109/TIFS.2024.3484296,1852
10.1109/TIFS.2024.3484296,608
10.1109/JIOT.2024.3445884,1853
10.1109/JIOT.2024.3445884,1854
10.1109/JIOT.2024.3445884,1855
10.1109/JIOT.2024.3445884,1804
10.1109/TCSS.2023.3266019,1856
10.1109/TCSS.2023.3266019,1857
10.1109/TCSS.2023.3266019,1858
10.1109/TSC.2024.3411449,1859
10.1109/TSC.2024.3411449,1860
10.1109/TSC.2024.3411449,1861
10.1109/TSC.2024.3411449,1862
10.1109/TSC.2024.3411449,607
10.1109/TSC.2024.3411449,1863
10.1109/TCE.2024.3415157,1864
10.1109/TCE.2024.3415157,1865
10.1109/TSE.2024.3464539,1866
10.1109/TSE.2024.3464539,1867
10.1109/TSE.2024.3464539,1868
10.1109/TSE.2024.3464539,1869
10.1109/TITS.2024.3479426,1870
10.1109/TITS.2024.3479426,1272
10.1109/TITS.2024.3479426,1101
10.1109/TSC.2024.3422798,1871
10.1109/TSC.2024.3422798,1872
10.1109/TSC.2024.3422798,1873
10.1109/ACCESS.2024.3459948,1874
10.1109/ACCESS.2024.3459948,1875
10.1109/TBDATA.2024.3403376,1876
10.1109/TBDATA.2024.3403376,1877
10.1109/TBDATA.2024.3403376,1878
10.1109/TBDATA.2024.3403376,1879
10.1109/TBDATA.2024.3403376,1723
10.1109/TR.2024.3370734,1880
10.1109/TR.2024.3370734,1630
10.1109/TR.2024.3370734,1881
10.1109/TR.2024.3370734,1882
10.1109/JIOT.2024.3456134,1883
10.1109/JIOT.2024.3456134,1884
10.1109/JIOT.2024.3456134,1885
10.1109/JIOT.2024.3456134,1886
10.1109/JIOT.2024.3456134,1887
10.1109/TCE.2024.3445382,1888
10.1109/TCE.2024.3445382,1844
10.1109/TCE.2024.3445382,1889
10.1109/TCE.2024.3445382,1890
10.1109/TCE.2024.3445382,1847
10.1109/JIOT.2024.3456553,1891
10.1109/JIOT.2024.3456553,1892
10.1109/JIOT.2024.3456553,1893
10.1109/JIOT.2024.3456553,1894
10.1109/JIOT.2024.3438257,1895
10.1109/JIOT.2024.3438257,1896
10.1109/JIOT.2024.3438257,121
10.1109/JIOT.2024.3438257,339
10.1109/JIOT.2024.3438257,1897
10.1109/TCSS.2024.3462552,1898
10.1109/TCSS.2024.3462552,1899
10.1109/TCSS.2024.3462552,1900
10.1109/TSC.2024.3440012,1901
10.1109/TSC.2024.3440012,1902
10.1109/TSC.2024.3440012,1903
10.1109/TSC.2024.3440012,680
10.1109/TSC.2024.3440012,1013
10.1109/TSC.2024.3440012,1904
10.1109/TSC.2024.3440012,1905
10.1109/TIV.2024.3414140,1906
10.1109/TIV.2024.3414140,1907
10.1109/TIV.2024.3414140,1908
10.1109/TIV.2024.3414140,1909
10.1109/TIV.2024.3414140,1910
10.1109/EMR.2024.3443338,1911
10.1109/EMR.2024.3443338,1912
10.1109/TIV.2024.3388724,1913
10.1109/TIV.2024.3388724,1914
10.1109/TIV.2024.3388724,757
10.1109/TIV.2024.3388724,1915
10.1109/TIV.2024.3388724,1916
10.1109/TIV.2024.3388724,1917
10.1109/TIV.2023.3347870,1918
10.1109/TIV.2023.3347870,1919
10.1109/TIV.2023.3347870,1920
10.1109/TIV.2023.3347870,1921
10.1109/TIV.2023.3347870,1922
10.1109/TIV.2023.3347870,1923
10.1109/TIV.2023.3347870,1924
10.1109/RITA.2024.3487475,1925
10.1109/RITA.2024.3487475,1926
10.1109/RITA.2024.3487475,1927
10.1109/RITA.2024.3487475,1928
10.1109/TCSS.2024.3430846,1929
10.1109/TCSS.2024.3430846,1930
10.1109/TCSS.2024.3430846,1931
10.1109/TCSS.2024.3430846,1932
10.1109/TCSS.2024.3430846,336
10.1109/TCSS.2024.3430846,1933
10.1109/TIV.2024.3388247,1934
10.1109/TIV.2024.3388247,1935
10.1109/TIV.2024.3388247,1936
10.1109/TIV.2024.3388247,1937
10.1109/TNSM.2024.3487265,1938
10.1109/TNSM.2024.3487265,575
10.1109/TNSM.2024.3487265,1409
10.1109/TNSM.2024.3487265,1939
10.1109/TNSM.2024.3487265,1940
10.1109/TNSM.2024.3487265,1941
10.1109/TNSM.2024.3487265,1942
10.1109/TNSM.2024.3487265,1943
10.1109/TNSM.2024.3487265,1944
10.1109/JIOT.2024.3446894,1810
10.1109/JIOT.2024.3446894,1945
10.1109/JIOT.2024.3446894,1946
10.1109/JIOT.2024.3446894,1813
10.1109/JIOT.2024.3446894,112
10.1109/JIOT.2024.3451303,523
10.1109/JIOT.2024.3451303,1596
10.1109/JIOT.2024.3451303,605
10.1109/JIOT.2024.3451303,1249
10.1109/TC.2024.3461309,719
10.1109/TC.2024.3461309,1621
10.1109/TC.2024.3461309,1947
10.1109/TC.2024.3461309,715
10.1109/TC.2024.3461309,1948
10.1109/TC.2024.3461309,1949
10.1109/TC.2024.3461309,1950
10.1109/TC.2024.3461309,722
10.1109/TDSC.2023.3245411,1951
10.1109/TDSC.2023.3245411,1952
10.1109/TDSC.2023.3245411,1953
10.1109/TDSC.2023.3245411,1954
10.1109/TDSC.2023.3245411,787
10.1109/TDSC.2023.3245411,1955
10.1109/TDSC.2023.3245411,1956
10.1109/TDSC.2023.3245411,1957
10.1109/TDSC.2023.3242134,1952
10.1109/TDSC.2023.3242134,1958
10.1109/TDSC.2023.3242134,1959
10.1109/TDSC.2023.3242134,1960
10.1109/TDSC.2023.3242134,1953
10.1109/TDSC.2023.3242134,1961
10.1109/TDSC.2023.3242134,1955
10.1109/TDSC.2023.3242134,376
10.1109/TDSC.2023.3242134,1956
10.1109/TPAMI.2022.3210379,1962
10.1109/TPAMI.2022.3210379,1963
10.1109/TPAMI.2022.3210379,1314
10.1109/TPAMI.2022.3210379,1964
10.1109/TNNLS.2024.3349850,1965
10.1109/TNNLS.2024.3349850,108
10.1109/TNNLS.2024.3349850,1966
10.1109/TNNLS.2024.3349850,1967
10.1109/TNNLS.2024.3349850,1968
10.1109/TNNLS.2024.3349850,1969
10.1109/TNNLS.2023.3305542,845
10.1109/TNNLS.2023.3305542,1723
10.1109/TNNLS.2023.3305542,1970
10.1109/TNNLS.2023.3305542,1971
10.1109/TNNLS.2023.3305542,1972
10.1109/TNNLS.2023.3305542,1973
10.1109/TNNLS.2023.3305542,1974
10.1109/TNSE.2024.3434643,1975
10.1109/TNSE.2024.3434643,547
10.1109/TNSE.2024.3434643,1249
10.1109/TNSE.2024.3434643,720
10.1109/TNSE.2024.3434643,1976
10.1109/TVT.2024.3377605,1977
10.1109/TVT.2024.3377605,1978
10.1109/TVT.2024.3377605,1979
10.1109/TVT.2024.3377605,1980
10.1109/TVT.2024.3377605,1981
10.1109/TIT.2024.3355942,522
10.1109/TIT.2024.3355942,1488
10.1109/TIT.2024.3355942,1982
10.1109/TVT.2024.3443103,1913
10.1109/TVT.2024.3443103,1914
10.1109/TVT.2024.3443103,757
10.1109/TVT.2024.3443103,110
10.1109/TVT.2024.3443103,1983
10.1109/TVT.2024.3443103,1984
10.1109/TBDATA.2024.3378100,1646
10.1109/TBDATA.2024.3378100,1647
10.1109/TBDATA.2024.3378100,1985
10.1109/TBDATA.2024.3378100,1986
10.1109/JBHI.2024.3377631,1977
10.1109/JBHI.2024.3377631,1987
10.1109/JBHI.2024.3377631,1979
10.1109/JBHI.2024.3377631,1980
10.1109/JBHI.2024.3377631,1981
10.1109/JIOT.2024.3442995,1988
10.1109/JIOT.2024.3442995,908
10.1109/JIOT.2024.3442995,1989
10.1109/JIOT.2024.3442995,1990
10.1109/JIOT.2024.3442995,543
10.1109/JIOT.2024.3438150,1991
10.1109/JIOT.2024.3438150,1992
10.1109/JIOT.2024.3438150,1993
10.1109/JIOT.2024.3438150,1994
10.1109/JIOT.2024.3438150,1995
10.1109/JIOT.2024.3438150,888
10.1109/TMC.2024.3386936,1996
10.1109/TMC.2024.3386936,1997
10.1109/TMC.2024.3386936,1998
10.1109/TMC.2024.3386936,1999
10.1109/TMC.2024.3386936,2000
10.1109/TMC.2024.3386936,2001
10.1109/ACCESS.2024.3485200,427
10.1109/ACCESS.2024.3485200,2002
10.1109/ACCESS.2024.3485200,2003
10.1109/ACCESS.2024.3485200,430
10.1109/TCE.2024.3479314,2004
10.1109/TCE.2024.3479314,2005
10.1109/TCE.2024.3479314,2006
10.1109/TCE.2024.3479314,2007
10.1109/TCE.2024.3479314,2008
10.1109/TKDE.2024.3424451,2009
10.1109/TKDE.2024.3424451,104
10.1109/TKDE.2024.3424451,1098
10.1109/TKDE.2024.3424451,2010
10.1109/TKDE.2024.3424451,2011
10.1109/TKDE.2024.3424451,2012
10.1109/TCSS.2023.3239031,2013
10.1109/TCSS.2023.3239031,2014
10.1109/TCSS.2023.3239031,2015
10.1109/TCSS.2023.3239031,2016
10.1109/TCSS.2023.3239031,2017
10.1109/TCSS.2023.3239031,2018
10.1109/TCSS.2023.3239031,2019
10.1109/TNNLS.2023.3329249,2020
10.1109/TNNLS.2023.3329249,2021
10.1109/TNNLS.2023.3329249,2022
10.1109/TNNLS.2023.3329249,1679
10.1109/TNNLS.2023.3329249,2023
10.1109/TNNLS.2023.3329249,2024
10.1109/TNNLS.2023.3329249,2025
10.1109/TNSM.2024.3479150,2026
10.1109/TNSM.2024.3479150,2027
10.1109/TNSM.2024.3479150,2028
10.1109/TNSM.2024.3479150,2029
10.1109/TNSM.2024.3479150,2030
10.1109/TNSM.2024.3479150,2031
10.1109/TNSM.2024.3479150,2032
10.1109/TNSM.2024.3479150,2033
10.1109/COMST.2024.3487112,2034
10.1109/COMST.2024.3487112,2035
10.1109/COMST.2024.3487112,2036
10.1109/COMST.2024.3487112,2037
10.1109/COMST.2024.3487112,2038
10.1109/COMST.2024.3487112,2039
10.1109/COMST.2024.3487112,2040
10.1109/COMST.2024.3487112,2041
10.1109/TNSM.2024.3435869,2042
10.1109/TNSM.2024.3435869,2043
10.1109/TNSM.2024.3435869,748
10.1109/TCCN.2024.3400516,2044
10.1109/TCCN.2024.3400516,1317
10.1109/TCCN.2024.3400516,2024
10.1109/TCCN.2024.3400516,567
10.1109/TCCN.2024.3400516,2045
10.1109/TCCN.2024.3400516,1037
10.1109/TCCN.2024.3400516,2046
10.1109/TCCN.2024.3400516,199
10.1109/TVCG.2024.3400822,2047
10.1109/TVCG.2024.3400822,2048
10.1109/TVCG.2024.3400822,2049
10.1109/TCOMM.2024.3450605,2050
10.1109/TCOMM.2024.3450605,1317
10.1109/TCOMM.2024.3450605,2024
10.1109/TCOMM.2024.3450605,567
10.1109/TCOMM.2024.3450605,2051
10.1109/TCOMM.2024.3450605,2052
10.1109/TCOMM.2024.3450605,199
10.1109/JIOT.2024.3457270,133
10.1109/JIOT.2024.3457270,2053
10.1109/JIOT.2024.3457270,2054
10.1109/JIOT.2024.3457270,2055
10.1109/JIOT.2024.3457270,1406
10.1109/ACCESS.2024.3486365,2056
10.1109/ACCESS.2024.3486365,2057
10.1109/ACCESS.2024.3486365,2058
10.1109/TDSC.2024.3475825,1851
10.1109/TDSC.2024.3475825,1850
10.1109/TDSC.2024.3475825,2059
10.1109/TDSC.2024.3475825,608
10.1109/TDSC.2024.3475825,1243
10.1109/TNET.2024.3461872,2060
10.1109/TNET.2024.3461872,2061
10.1109/TNET.2024.3461872,2062
10.1109/TNET.2024.3461872,2063
10.1109/TNET.2024.3461872,903
10.1109/TNET.2024.3461872,2064
10.1109/ACCESS.2024.3425841,2065
10.1109/TDSC.2024.3357521,2066
10.1109/TDSC.2024.3357521,2067
10.1109/TDSC.2024.3357521,2068
10.1109/TDSC.2024.3357521,2069
10.1109/TDSC.2024.3357521,2070
10.1109/TNNLS.2024.3387544,2071
10.1109/TNNLS.2024.3387544,2072
10.1109/TNNLS.2024.3387544,2070
10.1109/TSUSC.2024.3443256,2073
10.1109/TSUSC.2024.3443256,2074
10.1109/TSUSC.2024.3443256,2075
10.1109/TSUSC.2024.3443256,2076
10.1109/TSUSC.2024.3443256,2077
10.1109/COMST.2024.3442475,2078
10.1109/COMST.2024.3442475,2079
10.1109/COMST.2024.3442475,2080
10.1109/COMST.2024.3442475,1134
10.1109/COMST.2024.3442475,1133
10.1109/COMST.2024.3442475,2081
10.1109/COMST.2024.3442475,1135
10.1109/COMST.2024.3442475,2082
10.1109/COMST.2024.3442475,720
10.1109/COMST.2024.3442475,2083
10.1109/COMST.2024.3442475,1136
10.23919/transcom.2024CEP0001,2084
10.23919/transcom.2024CEP0001,2085
10.23919/transcom.2024CEP0001,2086
10.1109/TCSS.2024.3430396,2087
10.1109/TCSS.2024.3430396,2088
10.1109/TCSS.2024.3430396,2089
10.1109/TCSS.2024.3430396,339
10.1109/TETC.2024.3473911,2090
10.1109/TETC.2024.3473911,2091
10.1109/TETC.2024.3473911,2092
10.1109/TETC.2024.3473911,2093
10.1109/JIOT.2024.3476248,2094
10.1109/JIOT.2024.3476248,2095
10.1109/TCE.2024.3424189,2096
10.1109/TCE.2024.3424189,2097
10.1109/TCE.2024.3424189,1435
10.1109/TCE.2024.3424189,2098
10.1109/TCE.2024.3424189,2099
10.1109/TCE.2024.3424189,2100
10.1109/TVT.2024.3418137,2101
10.1109/TVT.2024.3418137,2102
10.1109/TVT.2024.3418137,2103
10.1109/TVT.2024.3418137,2104
10.1109/TVT.2024.3418137,2105
10.1109/TDSC.2024.3375925,2106
10.1109/TDSC.2024.3375925,2107
10.1109/TDSC.2024.3375925,2108
10.1109/TDSC.2024.3375925,2109
10.1109/TDSC.2024.3375925,2110
10.1109/TCYB.2024.3420958,2111
10.1109/TCYB.2024.3420958,1416
10.1109/TCYB.2024.3420958,2112
10.1109/TCYB.2024.3420958,2113
10.1109/TCYB.2024.3420958,2114
10.1109/TCYB.2024.3420958,2115
10.1109/TCYB.2024.3420958,2116
10.1109/TCYB.2024.3420958,2117
